,gamma,true_positives,false_positives,false_negatives,true_negatives,error
0,9.357622968840175e-14,1.0,1.0,0.0,0.0,0.35
1,9.936862847764411e-14,1.0,1.0,0.0,0.0,0.35
2,1.0551957861956802e-13,1.0,1.0,0.0,0.0,0.35
3,1.1205127455851122e-13,1.0,1.0,0.0,0.0,0.35
4,1.1898728458207205e-13,1.0,1.0,0.0,0.0,0.35
5,1.263526358624502e-13,1.0,1.0,0.0,0.0,0.35
6,1.3417390476187404e-13,1.0,1.0,0.0,0.0,0.35
7,1.4247931272796275e-13,1.0,1.0,0.0,0.0,0.35
8,1.5129882812504254e-13,1.0,1.0,0.0,0.0,0.35
9,1.6066427436885404e-13,1.0,1.0,0.0,0.0,0.35
10,1.7060944475483295e-13,1.0,1.0,0.0,0.0,0.35
11,1.8117022439429829e-13,1.0,1.0,0.0,0.0,0.35
12,1.9238471969853012e-13,1.0,1.0,0.0,0.0,0.35
13,2.0429339587795325e-13,1.0,1.0,0.0,0.0,0.35
14,2.1693922295256485e-13,1.0,1.0,0.0,0.0,0.35
15,2.303678308004547e-13,1.0,1.0,0.0,0.0,0.35
16,2.446276738038786e-13,1.0,1.0,0.0,0.0,0.35
17,2.59770205686977e-13,1.0,1.0,0.0,0.0,0.35
18,2.7585006517600473e-13,1.0,1.0,0.0,0.0,0.35
19,2.929252731519888e-13,1.0,1.0,0.0,0.0,0.35
20,3.1105744200719934e-13,1.0,1.0,0.0,0.0,0.35
21,3.3031199796085356e-13,1.0,1.0,0.0,0.0,0.35
22,3.5075841713623324e-13,1.0,1.0,0.0,0.0,0.35
23,3.724704762510525e-13,1.0,1.0,0.0,0.0,0.35
24,3.955265188256395e-13,1.0,1.0,0.0,0.0,0.35
25,4.2000973786949083e-13,1.0,1.0,0.0,0.0,0.35
26,4.460084760662145e-13,1.0,1.0,0.0,0.0,0.35
27,4.736165445400181e-13,1.0,1.0,0.0,0.0,0.35
28,5.02933561353945e-13,1.0,1.0,0.0,0.0,0.35
29,5.340653109612602e-13,1.0,1.0,0.0,0.0,0.35
30,5.671241259069939e-13,1.0,1.0,0.0,0.0,0.35
31,6.022292921569327e-13,1.0,1.0,0.0,0.0,0.35
32,6.395074795166064e-13,1.0,1.0,0.0,0.0,0.35
33,6.790931986933489e-13,1.0,1.0,0.0,0.0,0.35
34,7.211292866506479e-13,1.0,1.0,0.0,0.0,0.35
35,7.657674220060858e-13,1.0,1.0,0.0,0.0,0.35
36,8.131686723325784e-13,1.0,1.0,0.0,0.0,0.35
37,8.635040753377376e-13,1.0,1.0,0.0,0.0,0.35
38,9.169552560184238e-13,1.0,1.0,0.0,0.0,0.35
39,9.73715082017364e-13,1.0,1.0,0.0,0.0,0.35
40,1.0339883595465554e-12,1.0,1.0,0.0,0.0,0.35
41,1.0979925723885534e-12,1.0,1.0,0.0,0.0,0.35
42,1.1659586666421762e-12,1.0,1.0,0.0,0.0,0.35
43,1.238131884044222e-12,1.0,1.0,0.0,0.0,0.35
44,1.314772646874069e-12,1.0,1.0,0.0,0.0,0.35
45,1.3961574976341576e-12,1.0,1.0,0.0,0.0,0.35
46,1.4825800968969925e-12,1.0,1.0,0.0,0.0,0.35
47,1.5743522829192016e-12,1.0,1.0,0.0,0.0,0.35
48,1.6718051968460425e-12,1.0,1.0,0.0,0.0,0.35
49,1.7752904775664341e-12,1.0,1.0,0.0,0.0,0.35
50,1.885181530529897e-12,1.0,1.0,0.0,0.0,0.35
51,2.0018748751036724e-12,1.0,1.0,0.0,0.0,0.35
52,2.1257915753316837e-12,1.0,1.0,0.0,0.0,0.35
53,2.2573787592579354e-12,1.0,1.0,0.0,0.0,0.35
54,2.3971112322965206e-12,1.0,1.0,0.0,0.0,0.35
55,2.5454931904697574e-12,1.0,1.0,0.0,0.0,0.35
56,2.7030600396963108e-12,1.0,1.0,0.0,0.0,0.35
57,2.8703803276938396e-12,1.0,1.0,0.0,0.0,0.35
58,3.048057795467043e-12,1.0,1.0,0.0,0.0,0.35
59,3.236733555783473e-12,1.0,1.0,0.0,0.0,0.35
60,3.4370884064977038e-12,1.0,1.0,0.0,0.0,0.35
61,3.649845287071017e-12,1.0,1.0,0.0,0.0,0.35
62,3.875771887150444e-12,1.0,1.0,0.0,0.0,0.35
63,4.115683416619688e-12,1.0,1.0,0.0,0.0,0.35
64,4.370445547117104e-12,1.0,1.0,0.0,0.0,0.35
65,4.640977535634573e-12,1.0,1.0,0.0,0.0,0.35
66,4.9282555414681705e-12,1.0,1.0,0.0,0.0,0.35
67,5.233316148489137e-12,1.0,1.0,0.0,0.0,0.35
68,5.5572601054445655e-12,1.0,1.0,0.0,0.0,0.35
69,5.901256297783909e-12,1.0,1.0,0.0,0.0,0.35
70,6.266545965342818e-12,1.0,1.0,0.0,0.0,0.35
71,6.6544471811029815e-12,1.0,1.0,0.0,0.0,0.35
72,7.066359607188637e-12,1.0,1.0,0.0,0.0,0.35
73,7.503769545260803e-12,1.0,1.0,0.0,0.0,0.35
74,7.968255299532538e-12,1.0,1.0,0.0,0.0,0.35
75,8.461492871756577e-12,1.0,1.0,0.0,0.0,0.35
76,8.985262008734537e-12,1.0,1.0,0.0,0.0,0.35
77,9.5414526241689e-12,1.0,1.0,0.0,0.0,0.35
78,1.0132071618029681e-11,1.0,1.0,0.0,0.0,0.35
79,1.0759250118042128e-11,1.0,1.0,0.0,0.0,0.35
80,1.142525116942481e-11,1.0,1.0,0.0,0.0,0.35
81,1.2132477900624996e-11,1.0,1.0,0.0,0.0,0.35
82,1.2883482194515673e-11,1.0,1.0,0.0,0.0,0.35
83,1.3680973896342462e-11,1.0,1.0,0.0,0.0,0.35
84,1.4527830591645421e-11,1.0,1.0,0.0,0.0,0.35
85,1.5427107989437343e-11,1.0,1.0,0.0,0.0,0.35
86,1.638205094810416e-11,1.0,1.0,0.0,0.0,0.35
87,1.7396105183812124e-11,1.0,1.0,0.0,0.0,0.35
88,1.8472929703669173e-11,1.0,1.0,0.0,0.0,0.35
89,1.9616410008502985e-11,1.0,1.0,0.0,0.0,0.35
90,2.083067211289527e-11,1.0,1.0,0.0,0.0,0.35
91,2.212009743306068e-11,1.0,1.0,0.0,0.0,0.35
92,2.3489338596290238e-11,1.0,1.0,0.0,0.0,0.35
93,2.494333622900443e-11,1.0,1.0,0.0,0.0,0.35
94,2.6487336783992143e-11,1.0,1.0,0.0,0.0,0.35
95,2.812691147116152e-11,1.0,1.0,0.0,0.0,0.35
96,2.9867976360110305e-11,1.0,1.0,0.0,0.0,0.35
97,3.171681372705185e-11,1.0,1.0,0.0,0.0,0.35
98,3.368009472312271e-11,1.0,1.0,0.0,0.0,0.35
99,3.5764903445865725e-11,1.0,1.0,0.0,0.0,0.35
100,3.797876250074576e-11,1.0,1.0,0.0,0.0,0.35
101,4.0329660144931455e-11,1.0,1.0,0.0,0.0,0.35
102,4.2826079111285804e-11,1.0,1.0,0.0,0.0,0.35
103,4.5477027216571094e-11,1.0,1.0,0.0,0.0,0.35
104,4.8292069864311556e-11,1.0,1.0,0.0,0.0,0.35
105,5.128136455959373e-11,1.0,1.0,0.0,0.0,0.35
106,5.4455697560344066e-11,1.0,1.0,0.0,0.0,0.35
107,5.7826522797332644e-11,1.0,1.0,0.0,0.0,0.35
108,6.140600320333666e-11,1.0,1.0,0.0,0.0,0.35
109,6.52070546005945e-11,1.0,1.0,0.0,0.0,0.35
110,6.92433923049053e-11,1.0,1.0,0.0,0.0,0.35
111,7.352958061453838e-11,1.0,1.0,0.0,0.0,0.35
112,7.808108536252183e-11,1.0,1.0,0.0,0.0,0.35
113,8.29143297219348e-11,1.0,1.0,0.0,0.0,0.35
114,8.804675346556534e-11,1.0,1.0,0.0,0.0,0.35
115,9.349687589376008e-11,1.0,1.0,0.0,0.0,0.35
116,9.928436265752829e-11,1.0,1.0,0.0,0.0,0.35
117,1.0543009671801744e-10,1.0,1.0,0.0,0.0,0.35
118,1.1195625369840326e-10,1.0,1.0,0.0,0.0,0.35
119,1.1888638190008608e-10,1.0,1.0,0.0,0.0,0.35
120,1.262454872719155e-10,1.0,1.0,0.0,0.0,0.35
121,1.3406012363903763e-10,1.0,1.0,0.0,0.0,0.35
122,1.4235848851693662e-10,1.0,1.0,0.0,0.0,0.35
123,1.511705248563969e-10,1.0,1.0,0.0,0.0,0.35
124,1.6052802908651074e-10,1.0,1.0,0.0,0.0,0.35
125,1.704647658455834e-10,1.0,1.0,0.0,0.0,0.35
126,1.8101658981391775e-10,1.0,0.9994285714285714,0.0,0.0005714285714285715,0.3498
127,1.9222157508808806e-10,1.0,0.9994285714285714,0.0,0.0005714285714285715,0.3498
128,2.0412015256352253e-10,1.0,0.9994285714285714,0.0,0.0005714285714285715,0.3498
129,2.1675525582111254e-10,1.0,0.9994285714285714,0.0,0.0005714285714285715,0.3498
130,2.3017247604424946e-10,1.0,0.9994285714285714,0.0,0.0005714285714285715,0.3498
131,2.444202265252765e-10,1.0,0.9994285714285714,0.0,0.0005714285714285715,0.3498
132,2.595499173549428e-10,1.0,0.9994285714285714,0.0,0.0005714285714285715,0.3498
133,2.7561614092519065e-10,1.0,0.9994285714285714,0.0,0.0005714285714285715,0.3498
134,2.9267686891462575e-10,1.0,0.9994285714285714,0.0,0.0005714285714285715,0.3498
135,3.107936614674512e-10,1.0,0.9994285714285714,0.0,0.0005714285714285715,0.3498
136,3.30031889320645e-10,1.0,0.9994285714285714,0.0,0.0005714285714285715,0.3498
137,3.504609696808811e-10,1.0,0.9994285714285714,0.0,0.0005714285714285715,0.3498
138,3.721546167023089e-10,1.0,0.9994285714285714,0.0,0.0005714285714285715,0.3498
139,3.951911074689869e-10,1.0,0.9994285714285714,0.0,0.0005714285714285715,0.3498
140,4.1965356444171564e-10,1.0,0.9994285714285714,0.0,0.0005714285714285715,0.3498
141,4.4563025538842e-10,1.0,0.9994285714285714,0.0,0.0005714285714285715,0.3498
142,4.732149118803195e-10,1.0,0.9994285714285714,0.0,0.0005714285714285715,0.3498
143,5.025070675031137e-10,1.0,0.9994285714285714,0.0,0.0005714285714285715,0.3498
144,5.336124170035491e-10,1.0,0.9994285714285714,0.0,0.0005714285714285715,0.3498
145,5.666431976672752e-10,1.0,0.9994285714285714,0.0,0.0005714285714285715,0.3498
146,6.017185943041111e-10,1.0,0.9994285714285714,0.0,0.0005714285714285715,0.3498
147,6.389651693020321e-10,1.0,0.9994285714285714,0.0,0.0005714285714285715,0.3498
148,6.785173193016368e-10,1.0,0.9994285714285714,0.0,0.0005714285714285715,0.3498
149,7.205177601389097e-10,1.0,0.9994285714285714,0.0,0.0005714285714285715,0.3498
150,7.651180418060982e-10,1.0,0.9994285714285714,0.0,0.0005714285714285715,0.3498
151,8.124790952888336e-10,1.0,0.9994285714285714,0.0,0.0005714285714285715,0.3498
152,8.627718132526465e-10,1.0,0.9994285714285714,0.0,0.0005714285714285715,0.3498
153,9.161776666741643e-10,1.0,0.9991428571428571,0.0,0.0008571428571428571,0.34969999999999996
154,9.728893596419788e-10,1.0,0.9991428571428571,0.0,0.0008571428571428571,0.34969999999999996
155,1.0331115246898985e-09,1.0,0.9991428571428571,0.0,0.0008571428571428571,0.34969999999999996
156,1.097061461171554e-09,1.0,0.9991428571428571,0.0,0.0008571428571428571,0.34969999999999996
157,1.1649699193406287e-09,1.0,0.9991428571428571,0.0,0.0008571428571428571,0.34969999999999996
158,1.2370819329659094e-09,1.0,0.9991428571428571,0.0,0.0008571428571428571,0.34969999999999996
159,1.3136577034854763e-09,1.0,0.9991428571428571,0.0,0.0008571428571428571,0.34969999999999996
160,1.3949735388903228e-09,1.0,0.9988571428571429,0.0,0.001142857142857143,0.34959999999999997
161,1.4813228507251736e-09,1.0,0.9988571428571429,0.0,0.001142857142857143,0.34959999999999997
162,1.5730172128039766e-09,1.0,0.9988571428571429,0.0,0.001142857142857143,0.34959999999999997
163,1.6703874854602221e-09,1.0,0.9988571428571429,0.0,0.001142857142857143,0.34959999999999997
164,1.7737850093887229e-09,1.0,0.9988571428571429,0.0,0.001142857142857143,0.34959999999999997
165,1.8835828733865812e-09,1.0,0.9988571428571429,0.0,0.001142857142857143,0.34959999999999997
166,2.000177260567735e-09,1.0,0.9988571428571429,0.0,0.001142857142857143,0.34959999999999997
167,2.1239888779086142e-09,1.0,0.9988571428571429,0.0,0.001142857142857143,0.34959999999999997
168,2.2554644742831386e-09,1.0,0.9985714285714286,0.0,0.0014285714285714286,0.3495
169,2.3950784524645667e-09,1.0,0.9985714285714286,0.0,0.0014285714285714286,0.3495
170,2.543334580910782e-09,1.0,0.9985714285714286,0.0,0.0014285714285714286,0.3495
171,2.7007678115096397e-09,1.0,0.9985714285714286,0.0,0.0014285714285714286,0.3495
172,2.867946209843337e-09,1.0,0.9985714285714286,0.0,0.0014285714285714286,0.3495
173,3.045473004936768e-09,1.0,0.9985714285714286,0.0,0.0014285714285714286,0.3495
174,3.2339887658859668e-09,1.0,0.9985714285714286,0.0,0.0014285714285714286,0.3495
175,3.4341737132205468e-09,1.0,0.9985714285714286,0.0,0.0014285714285714286,0.3495
176,3.646750173340228e-09,1.0,0.9985714285714286,0.0,0.0014285714285714286,0.3495
177,3.8724851848817695e-09,1.0,0.9985714285714286,0.0,0.0014285714285714286,0.3495
178,4.1121932664208606e-09,1.0,0.9985714285714286,0.0,0.0014285714285714286,0.3495
179,4.366739355495649e-09,1.0,0.9982857142857143,0.0,0.0017142857142857142,0.3494
180,4.637041929556773e-09,1.0,0.9982857142857143,0.0,0.0017142857142857142,0.3494
181,4.924076320105207e-09,1.0,0.9982857142857143,0.0,0.0017142857142857142,0.3494
182,5.228878231976311e-09,1.0,0.9982857142857143,0.0,0.0017142857142857142,0.3494
183,5.5525474804686915e-09,1.0,0.998,0.0,0.002,0.3493
184,5.896251959802548e-09,1.0,0.998,0.0,0.002,0.3493
185,6.261231857226876e-09,1.0,0.998,0.0,0.002,0.3493
186,6.648804127981249e-09,1.0,0.998,0.0,0.002,0.3493
187,7.060367247259195e-09,1.0,0.9977142857142857,0.0,0.002285714285714286,0.34919999999999995
188,7.497406256319629e-09,1.0,0.9974285714285714,0.0,0.0025714285714285713,0.34909999999999997
189,7.961498120954206e-09,1.0,0.9974285714285714,0.0,0.0025714285714285713,0.34909999999999997
190,8.454317421645548e-09,1.0,0.9974285714285714,0.0,0.0025714285714285713,0.34909999999999997
191,8.977642395948075e-09,1.0,0.9974285714285714,0.0,0.0025714285714285713,0.34909999999999997
192,9.533361354894183e-09,1.0,0.9974285714285714,0.0,0.0025714285714285713,0.34909999999999997
193,1.0123479496578015e-08,1.0,0.9974285714285714,0.0,0.0025714285714285713,0.34909999999999997
194,1.075012614150227e-08,1.0,0.9974285714285714,0.0,0.0025714285714285713,0.34909999999999997
195,1.1415562415795315e-08,1.0,0.9974285714285714,0.0,0.0025714285714285713,0.34909999999999997
196,1.2122189410021917e-08,1.0,0.9974285714285714,0.0,0.0025714285714285713,0.34909999999999997
197,1.2872556843026972e-08,1.0,0.9974285714285714,0.0,0.0025714285714285713,0.34909999999999997
198,1.366937226207398e-08,1.0,0.9974285714285714,0.0,0.0025714285714285713,0.34909999999999997
199,1.4515510812475035e-08,1.0,0.9971428571428571,0.0,0.002857142857142857,0.349
200,1.541402561196408e-08,1.0,0.9971428571428571,0.0,0.002857142857142857,0.349
201,1.6368158767247184e-08,1.0,0.9971428571428571,0.0,0.002857142857142857,0.349
202,1.7381353072480883e-08,1.0,0.9971428571428571,0.0,0.002857142857142857,0.349
203,1.8457264431890045e-08,1.0,0.9971428571428571,0.0,0.002857142857142857,0.349
204,1.959977505134982e-08,1.0,0.9971428571428571,0.0,0.002857142857142857,0.349
205,2.0813007446530757e-08,1.0,0.9971428571428571,0.0,0.002857142857142857,0.349
206,2.2101339318152632e-08,1.0,0.9971428571428571,0.0,0.002857142857142857,0.349
207,2.3469419348021255e-08,1.0,0.9971428571428571,0.0,0.002857142857142857,0.349
208,2.4922183972845085e-08,1.0,0.9971428571428571,0.0,0.002857142857142857,0.349
209,2.6464875196356477e-08,1.0,0.9968571428571429,0.0,0.003142857142857143,0.3489
210,2.810305950400897e-08,1.0,0.9968571428571429,0.0,0.003142857142857143,0.3489
211,2.984264794850049e-08,1.0,0.9962857142857143,0.0,0.0037142857142857142,0.3487
212,3.168991747859682e-08,1.0,0.9962857142857143,0.0,0.0037142857142857142,0.3487
213,3.365153358821622e-08,1.0,0.996,0.0,0.004,0.34859999999999997
214,3.573457436749977e-08,1.0,0.9957142857142857,0.0,0.004285714285714286,0.3485
215,3.7946556042650034e-08,1.0,0.9957142857142857,0.0,0.004285714285714286,0.3485
216,4.029546009669536e-08,1.0,0.9957142857142857,0.0,0.004285714285714286,0.3485
217,4.278976206903686e-08,1.0,0.9954285714285714,0.0,0.004571428571428572,0.3484
218,4.5438462137697337e-08,1.0,0.9954285714285714,0.0,0.004571428571428572,0.3484
219,4.825111759462108e-08,1.0,0.9948571428571429,0.0,0.005142857142857143,0.3482
220,5.1237877331205284e-08,1.0,0.9948571428571429,0.0,0.005142857142857143,0.3482
221,5.4409518458496904e-08,1.0,0.9945714285714286,0.0,0.0054285714285714284,0.34809999999999997
222,5.7777485194191535e-08,1.0,0.994,0.0,0.006,0.3479
223,6.135393015675006e-08,1.0,0.9937142857142857,0.0,0.006285714285714286,0.34779999999999994
224,6.515175821563441e-08,1.0,0.9937142857142857,0.0,0.006285714285714286,0.34779999999999994
225,6.918467305588713e-08,1.0,0.9937142857142857,0.0,0.006285714285714286,0.34779999999999994
226,7.346722662507329e-08,1.0,0.9937142857142857,0.0,0.006285714285714286,0.34779999999999994
227,7.801487164100422e-08,1.0,0.9937142857142857,0.0,0.006285714285714286,0.34779999999999994
228,8.284401734970615e-08,1.0,0.9937142857142857,0.0,0.006285714285714286,0.34779999999999994
229,8.797208873482509e-08,1.0,0.9937142857142857,0.0,0.006285714285714286,0.34779999999999994
230,9.341758939211307e-08,1.0,0.9931428571428571,0.0,0.006857142857142857,0.34759999999999996
231,9.92001682958652e-08,1.0,0.9928571428571429,0.0,0.007142857142857143,0.3475
232,1.0534069069822084e-07,1.0,0.992,0.0,0.008,0.34719999999999995
233,1.1186131341715431e-07,1.0,0.9917142857142857,0.0,0.008285714285714285,0.34709999999999996
234,1.1878556478481626e-07,1.0,0.9914285714285714,0.0,0.008571428571428572,0.347
235,1.2613842954470432e-07,1.0,0.9914285714285714,0.0,0.008571428571428572,0.347
236,1.339464390039937e-07,1.0,0.9914285714285714,0.0,0.008571428571428572,0.347
237,1.4223776676632847e-07,1.0,0.9908571428571429,0.0,0.009142857142857144,0.3468
238,1.5104233039050208e-07,1.0,0.9905714285714285,0.0,0.009428571428571429,0.34669999999999995
239,1.6039189934184368e-07,1.0,0.99,0.0,0.01,0.3465
240,1.703202096258295e-07,1.0,0.99,0.0,0.01,0.3465
241,1.8086308551755223e-07,1.0,0.9894285714285714,0.0,0.010571428571428572,0.3463
242,1.920585688262835e-07,1.0,0.9894285714285714,0.0,0.010571428571428572,0.3463
243,2.0394705616155463e-07,1.0,0.9891428571428571,0.0,0.010857142857142857,0.34619999999999995
244,2.165714446960518e-07,1.0,0.9885714285714285,0.0,0.011428571428571429,0.346
245,2.2997728695128174e-07,1.0,0.9885714285714285,0.0,0.011428571428571429,0.346
246,2.4421295516451986e-07,1.0,0.9877142857142858,0.0,0.012285714285714285,0.3457
247,2.593298158301253e-07,1.0,0.9871428571428571,0.0,0.012857142857142857,0.3455
248,2.753824150450202e-07,1.0,0.9865714285714285,0.0,0.013428571428571429,0.3453
249,2.924286753271132e-07,1.0,0.9865714285714285,0.0,0.013428571428571429,0.3453
250,3.1053010461684727e-07,1.0,0.986,0.0,0.014,0.34509999999999996
251,3.2975201821601067e-07,1.0,0.9857142857142858,0.0,0.014285714285714285,0.345
252,3.5016377446463186e-07,1.0,0.9848571428571429,0.0,0.015142857142857144,0.3447
253,3.7183902500635e-07,1.0,0.9845714285714285,0.0,0.015428571428571429,0.34459999999999996
254,3.9485598054529277e-07,1.0,0.9842857142857143,0.0,0.015714285714285715,0.3445
255,4.1929769305339076e-07,1.0,0.9837142857142858,0.0,0.016285714285714285,0.3443
256,4.452523554464152e-07,1.0,0.9834285714285714,0.0,0.01657142857142857,0.3442
257,4.728136198100593e-07,1.0,0.9834285714285714,0.0,0.01657142857142857,0.3442
258,5.020809353243169e-07,1.0,0.9828571428571429,0.0,0.017142857142857144,0.344
259,5.331599071054882e-07,1.0,0.9825714285714285,0.0,0.01742857142857143,0.3439
260,5.661626772606227e-07,1.0,0.982,0.0,0.018,0.34369999999999995
261,6.012083295293539e-07,1.0,0.9817142857142858,0.0,0.018285714285714287,0.3436
262,6.384233189731942e-07,1.0,0.9811428571428571,0.0,0.018857142857142857,0.3434
263,6.779419282627365e-07,1.0,0.9811428571428571,0.0,0.018857142857142857,0.3434
264,7.199067522091797e-07,1.0,0.9797142857142858,0.0,0.020285714285714285,0.3429
265,7.644692122885122e-07,1.0,0.9785714285714285,0.0,0.02142857142857143,0.34249999999999997
266,8.117901030149087e-07,1.0,0.9782857142857143,0.0,0.021714285714285714,0.3424
267,8.620401721348173e-07,1.0,0.978,0.0,0.022,0.3423
268,9.154007367352403e-07,1.0,0.9774285714285714,0.0,0.022571428571428572,0.34209999999999996
269,9.72064337489332e-07,1.0,0.9762857142857143,0.0,0.023714285714285716,0.3417
270,1.0322354333999932e-06,1.0,0.976,0.0,0.024,0.34159999999999996
271,1.0961311395483278e-06,1.0,0.9742857142857143,0.0,0.025714285714285714,0.34099999999999997
272,1.1639820105089638e-06,1.0,0.9731428571428572,0.0,0.026857142857142857,0.3406
273,1.2360328722590357e-06,1.0,0.9728571428571429,0.0,0.027142857142857142,0.34049999999999997
274,1.3125437055826013e-06,1.0,0.9728571428571429,0.0,0.027142857142857142,0.34049999999999997
275,1.3937905841580765e-06,1.0,0.9725714285714285,0.0,0.027428571428571427,0.3404
276,1.4800666707135844e-06,1.0,0.972,0.0,0.028,0.34019999999999995
277,1.5716832748446433e-06,1.0,0.9717142857142858,0.0,0.028285714285714286,0.3401
278,1.6689709763111082e-06,1.0,0.9705714285714285,0.0,0.02942857142857143,0.33969999999999995
279,1.7722808178665574e-06,1.0,0.97,0.0,0.03,0.33949999999999997
280,1.8819855719242013e-06,1.0,0.9697142857142858,0.0,0.030285714285714287,0.3394
281,1.99848108562982e-06,1.0,0.9691428571428572,0.0,0.030857142857142857,0.3392
282,2.1221877091951496e-06,1.0,0.9682857142857143,0.0,0.031714285714285716,0.3389
283,2.2535518126455645e-06,1.0,0.9674285714285714,0.0,0.03257142857142857,0.33859999999999996
284,2.3930473964549323e-06,1.0,0.9657142857142857,0.0,0.03428571428571429,0.33799999999999997
285,2.5411778018792835e-06,1.0,0.964,0.0,0.036,0.3374
286,2.698477527160687e-06,1.0,0.9634285714285714,0.0,0.036571428571428574,0.3372
287,2.865514156154734e-06,1.0,0.9631428571428572,0.0,0.03685714285714286,0.3371
288,3.0428904063406803e-06,1.0,0.9622857142857143,0.0,0.037714285714285714,0.3368
289,3.2312463036040806e-06,1.0,0.9611428571428572,0.0,0.038857142857142854,0.3364
290,3.431261491639167e-06,1.0,0.96,0.0,0.04,0.33599999999999997
291,3.643657684303981e-06,1.0,0.958,0.0,0.042,0.3353
292,3.869201269777076e-06,1.0,0.9568571428571429,0.0,0.04314285714285714,0.3349
293,4.108706075912363e-06,1.0,0.9554285714285714,0.0,0.044571428571428574,0.3344
294,4.36303630677031e-06,1.0,0.9531428571428572,0.0,0.046857142857142854,0.3336
295,4.6331096609213716e-06,1.0,0.9517142857142857,0.0,0.048285714285714286,0.3331
296,4.919900642773404e-06,1.0,0.95,0.0,0.05,0.33249999999999996
297,5.224444078871317e-06,1.0,0.9485714285714286,0.0,0.05142857142857143,0.332
298,5.547838851856805e-06,1.0,0.9477142857142857,0.0,0.05228571428571428,0.3317
299,5.8912518655613965e-06,1.0,0.946,0.0,0.054,0.33109999999999995
300,6.25592225554003e-06,1.0,0.944,0.0,0.056,0.33039999999999997
301,6.643165860238027e-06,1.0,0.9425714285714286,0.0,0.057428571428571426,0.32989999999999997
302,7.054379968924736e-06,1.0,0.9408571428571428,0.0,0.05914285714285714,0.3293
303,7.491048363525804e-06,1.0,0.9391428571428572,0.0,0.06085714285714286,0.3287
304,7.954746672546487e-06,1.0,0.9382857142857143,0.0,0.061714285714285715,0.32839999999999997
305,8.44714805640454e-06,1.0,0.938,0.0,0.062,0.3283
306,8.970029244687049e-06,1.0,0.9371428571428572,0.0,0.06285714285714286,0.328
307,9.525276947115412e-06,1.0,0.9362857142857143,0.0,0.06371428571428571,0.3277
308,1.0114894661351103e-05,1.0,0.9348571428571428,0.0,0.06514285714285714,0.3272
309,1.0741009902206828e-05,1.0,0.934,0.0,0.066,0.3269
310,1.140588187834816e-05,1.0,0.9337142857142857,0.0,0.06628571428571428,0.3268
311,1.2111909644185514e-05,1.0,0.9317142857142857,0.0,0.06828571428571428,0.3261
312,1.286164075637082e-05,1.0,0.9294285714285714,0.0,0.07057142857142858,0.3253
313,1.3657780466134167e-05,1.0,0.9282857142857143,0.0,0.07171428571428572,0.32489999999999997
314,1.4503201480629037e-05,1.0,0.926,0.0,0.074,0.3241
315,1.5400954328507947e-05,1.0,0.9245714285714286,0.0,0.07542857142857143,0.3236
316,1.6354278367130578e-05,1.0,0.9228571428571428,0.0,0.07714285714285714,0.32299999999999995
317,1.7366613471121643e-05,1.0,0.92,0.0,0.08,0.322
318,1.8441612444454216e-05,1.0,0.9177142857142857,0.0,0.08228571428571428,0.3212
319,1.9583154200845085e-05,1.0,0.9151428571428571,0.0,0.08485714285714285,0.3203
320,2.0795357760020766e-05,1.0,0.9114285714285715,0.0,0.08857142857142856,0.319
321,2.208259711035693e-05,1.0,0.9097142857142857,0.0,0.09028571428571429,0.31839999999999996
322,2.344951699152e-05,1.0,0.9091428571428571,0.0,0.09085714285714286,0.3182
323,2.490104965405934e-05,1.0,0.9065714285714286,0.0,0.09342857142857143,0.31729999999999997
324,2.644243265642361e-05,1.0,0.9045714285714286,0.0,0.09542857142857143,0.3166
325,2.8079227763618177e-05,1.0,0.9014285714285715,0.0,0.09857142857142857,0.3155
326,2.98173410156955e-05,1.0,0.8988571428571429,0.0,0.10114285714285715,0.3146
327,3.1663044038491554e-05,1.0,0.8962857142857142,0.0,0.10371428571428572,0.3137
328,3.3622996673503715e-05,1.0,0.8928571428571429,0.0,0.10714285714285714,0.3125
329,3.570427100856534e-05,1.0,0.8911428571428571,0.0,0.10885714285714286,0.31189999999999996
330,3.791437689602694e-05,1.0,0.8897142857142857,0.0,0.11028571428571429,0.31139999999999995
331,4.026128905052086e-05,1.0,0.8882857142857142,0.0,0.11171428571428571,0.31089999999999995
332,4.275347582408648e-05,1.0,0.886,0.0,0.114,0.3101
333,4.5399929762484854e-05,1.0,0.882,0.0,0.118,0.3087
334,4.8210200052959056e-05,1.0,0.8782857142857143,0.0,0.12171428571428572,0.3074
335,5.119442698052145e-05,1.0,0.8771428571428571,0.0,0.12285714285714286,0.307
336,5.436337851709616e-05,1.0,0.8748571428571429,0.0,0.12514285714285714,0.30619999999999997
337,5.772848917554131e-05,1.0,0.8725714285714286,0.0,0.12742857142857142,0.30539999999999995
338,6.130190126874773e-05,1.0,0.8688571428571429,0.0,0.13114285714285714,0.3041
339,6.50965087226892e-05,1.0,0.8651428571428571,0.0,0.13485714285714287,0.30279999999999996
340,6.912600360151466e-05,1.0,0.862,0.0,0.138,0.30169999999999997
341,7.340492551255854e-05,1.0,0.8597142857142858,0.0,0.1402857142857143,0.3009
342,7.794871406953723e-05,1.0,0.8551428571428571,0.0,0.14485714285714285,0.29929999999999995
343,8.277376460323434e-05,1.0,0.8511428571428571,0.0,0.14885714285714285,0.29789999999999994
344,8.789748732069529e-05,1.0,0.8474285714285714,0.0,0.15257142857142858,0.2966
345,9.333837012639509e-05,1.0,0.8425714285714285,0.0,0.15742857142857142,0.29489999999999994
346,9.911604533205682e-05,1.0,0.8371428571428572,0.0,0.16285714285714287,0.293
347,0.00010525136049582919,1.0,0.8322857142857143,0.0,0.1677142857142857,0.2913
348,0.00011176645364643212,1.0,0.8288571428571428,0.0,0.17114285714285715,0.29009999999999997
349,0.0001186848331637012,1.0,0.8254285714285714,0.0,0.17457142857142857,0.2889
350,0.00012603146260376362,1.0,0.824,0.0,0.176,0.2884
351,0.00013383285077491971,1.0,0.8205714285714286,0.0,0.17942857142857144,0.2872
352,0.00014211714738925085,1.0,0.816,0.0,0.184,0.28559999999999997
353,0.0001509142446350924,1.0,0.8125714285714286,0.0,0.18742857142857142,0.2844
354,0.00016025588503687575,1.0,0.8077142857142857,0.0,0.19228571428571428,0.2827
355,0.00017017577599152934,1.0,0.8025714285714286,0.0,0.19742857142857143,0.2809
356,0.00018070971139471953,1.0,0.7982857142857143,0.0,0.2017142857142857,0.2794
357,0.0001918957007957955,1.0,0.7928571428571428,0.0,0.20714285714285716,0.27749999999999997
358,0.0002037741065474663,1.0,0.7882857142857143,0.0,0.21171428571428572,0.2759
359,0.00021638778944508774,1.0,0.7848571428571428,0.0,0.21514285714285714,0.27469999999999994
360,0.00022978226338106754,1.0,0.7788571428571428,0.0,0.22114285714285714,0.27259999999999995
361,0.00024400585957242845,1.0,0.7734285714285715,0.0,0.22657142857142856,0.2707
362,0.0002591099009541102,1.0,0.7691428571428571,0.0,0.23085714285714284,0.2692
363,0.0002751488873672732,1.0,0.7662857142857142,0.0,0.2337142857142857,0.26819999999999994
364,0.0002921806922108179,1.0,0.7628571428571429,0.0,0.23714285714285716,0.267
365,0.00031026677126569683,1.0,0.758,0.0,0.242,0.2653
366,0.00032947238444551815,1.0,0.7537142857142857,0.0,0.24628571428571427,0.2638
367,0.0003498668312735843,1.0,0.7477142857142857,0.0,0.2522857142857143,0.2617
368,0.00037152370093603395,1.0,0.7428571428571429,0.0,0.2571428571428571,0.26
369,0.00039452113781335513,1.0,0.7377142857142858,0.0,0.2622857142857143,0.2582
370,0.00041894212344838373,1.0,0.7337142857142858,0.0,0.2662857142857143,0.25680000000000003
371,0.00044487477596821286,1.0,0.7308571428571429,0.0,0.26914285714285713,0.25579999999999997
372,0.00047241266804041434,1.0,0.7245714285714285,0.0,0.2754285714285714,0.2536
373,0.000501655164510853,1.0,0.7194285714285714,0.0,0.2805714285714286,0.25179999999999997
374,0.0005327077809413909,1.0,0.7145714285714285,0.0,0.2854285714285714,0.2501
375,0.00056568256434119,1.0,0.7094285714285714,0.0,0.2905714285714286,0.24829999999999997
376,0.0006006984974654066,1.0,0.7025714285714286,0.0,0.29742857142857143,0.2459
377,0.0006378819281401049,1.0,0.6977142857142857,0.0,0.30228571428571427,0.2442
378,0.0006773670251625199,1.0,0.6908571428571428,0.0,0.30914285714285716,0.2418
379,0.0007192962624216952,1.0,0.6857142857142857,0.0,0.3142857142857143,0.24
380,0.0007638209329863438,1.0,0.6797142857142857,0.0,0.3202857142857143,0.23789999999999997
381,0.0008111016950149132,1.0,0.6754285714285714,0.0,0.32457142857142857,0.23639999999999997
382,0.000861309151457659,1.0,0.6682857142857143,0.0,0.33171428571428574,0.23389999999999997
383,0.000914624465642465,1.0,0.6617142857142857,0.0,0.3382857142857143,0.23159999999999997
384,0.0009712400149656228,1.0,0.6551428571428571,0.0,0.34485714285714286,0.22929999999999998
385,0.0010313600850462823,1.0,0.6534285714285715,0.0,0.3465714285714286,0.2287
386,0.001095201606849286,1.0,0.6474285714285715,0.0,0.3525714285714286,0.2266
387,0.0011629949394361446,1.0,0.644,0.0,0.356,0.2254
388,0.0012349847011685505,1.0,0.6365714285714286,0.0,0.36342857142857143,0.22279999999999997
389,0.001311430652363656,1.0,0.6302857142857143,0.0,0.3697142857142857,0.2206
390,0.0013926086325859997,1.0,0.6234285714285714,0.0,0.37657142857142856,0.2182
391,0.0014788115559581027,1.0,0.616,0.0,0.384,0.21559999999999999
392,0.0015703504680811139,0.9998461538461538,0.6097142857142858,0.00015384615384615385,0.3902857142857143,0.2135
393,0.001667555668379183,0.9998461538461538,0.6042857142857143,0.00015384615384615385,0.39571428571428574,0.21159999999999998
394,0.0017707779019173122,0.9998461538461538,0.5977142857142858,0.00015384615384615385,0.4022857142857143,0.20929999999999999
395,0.0018803896249931166,0.9998461538461538,0.5917142857142857,0.00015384615384615385,0.4082857142857143,0.2072
396,0.0019967863490691243,0.9998461538461538,0.5848571428571429,0.00015384615384615385,0.41514285714285715,0.20479999999999998
397,0.0021203880678949175,0.9998461538461538,0.5802857142857143,0.00015384615384615385,0.4197142857142857,0.2032
398,0.0022516407729685946,0.9998461538461538,0.5742857142857143,0.00015384615384615385,0.4257142857142857,0.20109999999999997
399,0.002391018062805787,0.9998461538461538,0.566,0.00015384615384615385,0.434,0.19819999999999996
400,0.002539022851822943,0.9998461538461538,0.5568571428571428,0.00015384615384615385,0.4431428571428571,0.19499999999999998
401,0.0026961891850010447,0.9998461538461538,0.55,0.00015384615384615385,0.45,0.1926
402,0.0028630841648775857,0.9998461538461538,0.544,0.00015384615384615385,0.456,0.1905
403,0.003040309997819981,0.9996923076923077,0.5388571428571428,0.0003076923076923077,0.46114285714285713,0.18879999999999997
404,0.003228506166963956,0.9996923076923077,0.5305714285714286,0.0003076923076923077,0.4694285714285714,0.1859
405,0.003428351739657524,0.9996923076923077,0.5234285714285715,0.0003076923076923077,0.4765714285714286,0.1834
406,0.003640567817736491,0.9995384615384615,0.5151428571428571,0.00046153846153846153,0.4848571428571429,0.18059999999999998
407,0.0038659201394728006,0.9995384615384615,0.5074285714285715,0.00046153846153846153,0.49257142857142855,0.1779
408,0.004105221842584327,0.9993846153846154,0.49857142857142855,0.0006153846153846154,0.5014285714285714,0.1749
409,0.004359336398275857,0.9993846153846154,0.4908571428571429,0.0006153846153846154,0.5091428571428571,0.17220000000000002
410,0.00462918072689816,0.9993846153846154,0.484,0.0006153846153846154,0.516,0.1698
411,0.0049157285064673605,0.9993846153846154,0.478,0.0006153846153846154,0.522,0.1677
412,0.0052200136859827185,0.9993846153846154,0.4702857142857143,0.0006153846153846154,0.5297142857142857,0.165
413,0.005543134216219923,0.9992307692307693,0.462,0.0007692307692307692,0.538,0.1622
414,0.005886256011461689,0.9987692307692307,0.452,0.0012307692307692308,0.548,0.159
415,0.00625061715646075,0.9987692307692307,0.444,0.0012307692307692308,0.556,0.15619999999999998
416,0.006637532373815231,0.9984615384615385,0.43885714285714283,0.0015384615384615385,0.5611428571428572,0.1546
417,0.0070483977678759795,0.9984615384615385,0.43028571428571427,0.0015384615384615385,0.5697142857142857,0.15159999999999998
418,0.007484695862303305,0.9984615384615385,0.42514285714285716,0.0015384615384615385,0.5748571428571428,0.1498
419,0.007948000949450095,0.9981538461538462,0.41714285714285715,0.0018461538461538461,0.5828571428571429,0.1472
420,0.008439984770873475,0.998,0.4085714285714286,0.002,0.5914285714285714,0.14429999999999998
421,0.008962422549471973,0.9976923076923077,0.4017142857142857,0.002307692307692308,0.5982857142857143,0.14209999999999998
422,0.009517199395013916,0.9976923076923077,0.396,0.002307692307692308,0.604,0.1401
423,0.010106317106170102,0.9976923076923077,0.3894285714285714,0.002307692307692308,0.6105714285714285,0.13779999999999998
424,0.010731901393594484,0.9973846153846154,0.3822857142857143,0.0026153846153846153,0.6177142857142857,0.1355
425,0.011396209550115883,0.9973846153846154,0.37714285714285717,0.0026153846153846153,0.6228571428571429,0.1337
426,0.012101638595717034,0.9972307692307693,0.36828571428571427,0.002769230769230769,0.6317142857142857,0.13069999999999998
427,0.01285073392669052,0.9970769230769231,0.362,0.002923076923076923,0.638,0.1286
428,0.013646198500179998,0.9969230769230769,0.354,0.003076923076923077,0.646,0.12589999999999998
429,0.014490902587247962,0.9967692307692307,0.348,0.0032307692307692306,0.652,0.12389999999999998
430,0.015387894129661085,0.9963076923076923,0.3394285714285714,0.0036923076923076922,0.6605714285714286,0.12119999999999999
431,0.016340409737764135,0.996,0.334,0.004,0.666,0.11950000000000001
432,0.01735188636912579,0.9958461538461538,0.3271428571428571,0.004153846153846154,0.6728571428571428,0.11719999999999998
433,0.0184259737300964,0.9956923076923077,0.31857142857142856,0.0043076923076923075,0.6814285714285714,0.11429999999999998
434,0.019566547445026172,0.9955384615384615,0.314,0.004461538461538461,0.686,0.1128
435,0.02077772304066219,0.9953846153846154,0.3068571428571429,0.004615384615384616,0.6931428571428572,0.11040000000000001
436,0.022063870796184142,0.9953846153846154,0.30142857142857143,0.004615384615384616,0.6985714285714286,0.1085
437,0.023429631512462044,0.9952307692307693,0.2934285714285714,0.0047692307692307695,0.7065714285714285,0.1058
438,0.024879933257436076,0.9949230769230769,0.2865714285714286,0.005076923076923077,0.7134285714285714,0.1036
439,0.026420009148040862,0.9946153846153846,0.27885714285714286,0.005384615384615384,0.7211428571428572,0.1011
440,0.028055416232836583,0.9946153846153846,0.2737142857142857,0.005384615384615384,0.7262857142857143,0.09929999999999999
441,0.02979205554348104,0.994,0.26685714285714285,0.006,0.7331428571428571,0.0973
442,0.03163619338739429,0.9938461538461538,0.258,0.006153846153846154,0.742,0.0943
443,0.03359448395844615,0.9933846153846154,0.25142857142857145,0.006615384615384615,0.7485714285714286,0.0923
444,0.03567399334725244,0.9930769230769231,0.24571428571428572,0.006923076923076923,0.7542857142857143,0.0905
445,0.03788222503771642,0.9930769230769231,0.2397142857142857,0.006923076923076923,0.7602857142857142,0.08839999999999999
446,0.04022714698181428,0.9927692307692307,0.23257142857142857,0.007230769230769231,0.7674285714285715,0.0861
447,0.042717220350318635,0.9924615384615385,0.22657142857142856,0.007538461538461538,0.7734285714285715,0.0842
448,0.04536143006320102,0.992,0.22,0.008,0.78,0.0822
449,0.0481693172098762,0.9912307692307692,0.21342857142857144,0.008769230769230769,0.7865714285714286,0.0804
450,0.05115101347627002,0.9906153846153846,0.20942857142857144,0.009384615384615385,0.7905714285714286,0.0794
451,0.05431727770293387,0.9896923076923076,0.20285714285714285,0.010307692307692308,0.7971428571428572,0.07769999999999999
452,0.05767953470611821,0.9893846153846154,0.1977142857142857,0.010615384615384615,0.8022857142857143,0.0761
453,0.061249916501883085,0.9892307692307692,0.19457142857142856,0.010769230769230769,0.8054285714285714,0.0751
454,0.06504130608199434,0.9887692307692307,0.18942857142857142,0.01123076923076923,0.8105714285714286,0.0736
455,0.06906738389956193,0.9883076923076923,0.18657142857142858,0.011692307692307693,0.8134285714285714,0.07289999999999999
456,0.07334267723215435,0.988,0.18142857142857144,0.012,0.8185714285714286,0.0713
457,0.07788261260050548,0.9873846153846154,0.1762857142857143,0.012615384615384615,0.8237142857142857,0.0699
458,0.08270357143195661,0.9866153846153846,0.17114285714285715,0.013384615384615385,0.8288571428571428,0.06860000000000001
459,0.08782294916948326,0.9861538461538462,0.1637142857142857,0.013846153846153847,0.8362857142857143,0.0663
460,0.09325921803958992,0.9856923076923076,0.15885714285714286,0.014307692307692308,0.8411428571428572,0.0649
461,0.09903199370555761,0.9850769230769231,0.15485714285714286,0.014923076923076923,0.8451428571428572,0.0639
462,0.10516210604654914,0.9844615384615385,0.15085714285714286,0.01553846153846154,0.8491428571428571,0.0629
463,0.11167167431796356,0.9838461538461538,0.14485714285714285,0.016153846153846154,0.8551428571428571,0.0612
464,0.118584186964241,0.9836923076923076,0.13942857142857143,0.016307692307692308,0.8605714285714285,0.059399999999999994
465,0.12592458637210574,0.9830769230769231,0.13428571428571429,0.016923076923076923,0.8657142857142858,0.057999999999999996
466,0.13371935887006242,0.9823076923076923,0.13028571428571428,0.01769230769230769,0.8697142857142857,0.0571
467,0.14199663029888998,0.9815384615384616,0.12657142857142858,0.018461538461538463,0.8734285714285714,0.0563
468,0.1507862674979802,0.9812307692307692,0.122,0.01876923076923077,0.878,0.0549
469,0.160119986073713,0.98,0.11742857142857142,0.02,0.8825714285714286,0.054099999999999995
470,0.17003146483872927,0.9793846153846154,0.114,0.020615384615384615,0.886,0.0533
471,0.1805564673350313,0.9781538461538462,0.10971428571428571,0.021846153846153845,0.8902857142857142,0.052599999999999994
472,0.19173297087940247,0.9773846153846154,0.10685714285714286,0.022615384615384617,0.8931428571428571,0.052099999999999994
473,0.20360130359678,0.9763076923076923,0.10257142857142858,0.023692307692307693,0.8974285714285715,0.0513
474,0.21620428993603755,0.9753846153846154,0.096,0.024615384615384615,0.904,0.0496
475,0.2295874051932419,0.9736923076923077,0.094,0.026307692307692306,0.906,0.05
476,0.2437989395999488,0.9730769230769231,0.09085714285714286,0.026923076923076925,0.9091428571428571,0.049300000000000004
477,0.2588901725686174,0.9721538461538461,0.08828571428571429,0.027846153846153847,0.9117142857142857,0.049
478,0.274915557723872,0.9709230769230769,0.08457142857142858,0.029076923076923077,0.9154285714285715,0.0485
479,0.29193291938725835,0.9696923076923077,0.08171428571428571,0.030307692307692306,0.9182857142857143,0.048299999999999996
480,0.31000366122447015,0.968,0.078,0.032,0.922,0.048100000000000004
481,0.32919298780790573,0.9661538461538461,0.07485714285714286,0.033846153846153845,0.9251428571428572,0.04819999999999999
482,0.34957013989401853,0.9649230769230769,0.07171428571428572,0.035076923076923075,0.9282857142857143,0.0479
483,0.3712086442644117,0.9636923076923077,0.068,0.036307692307692305,0.932,0.0474
484,0.3941865790321766,0.9626153846153847,0.06657142857142857,0.037384615384615384,0.9334285714285714,0.0476
485,0.41858685537077933,0.9612307692307692,0.06371428571428571,0.03876923076923077,0.9362857142857143,0.0475
486,0.4444975166820566,0.9601538461538461,0.06028571428571428,0.039846153846153844,0.9397142857142857,0.047
487,0.47201205628280635,0.9589230769230769,0.058,0.04107692307692308,0.942,0.047
488,0.501229754756281,0.9572307692307692,0.054857142857142854,0.04276923076923077,0.9451428571428572,0.047
489,0.532256038185847,0.9549230769230769,0.054285714285714284,0.04507692307692308,0.9457142857142857,0.048299999999999996
490,0.5652028585634238,0.9532307692307692,0.052,0.04676923076923077,0.948,0.048600000000000004
491,0.6001890977453266,0.9524615384615385,0.05,0.047538461538461536,0.95,0.0484
492,0.6373409964131075,0.9513846153846154,0.048285714285714286,0.048615384615384616,0.9517142857142857,0.0485
493,0.6767926095872101,0.9495384615384616,0.045714285714285714,0.05046153846153846,0.9542857142857143,0.0488
494,0.7186862903370664,0.9478461538461539,0.044,0.052153846153846155,0.956,0.0493
495,0.763173203433005,0.9458461538461539,0.04257142857142857,0.05415384615384616,0.9574285714285714,0.050100000000000006
496,0.8104138707933769,0.9435384615384615,0.04171428571428572,0.05646153846153846,0.9582857142857143,0.0513
497,0.8605787506950364,0.9407692307692308,0.04,0.05923076923076923,0.96,0.0525
498,0.9138488528371349,0.9387692307692308,0.038,0.06123076923076923,0.962,0.0531
499,0.9704163914775641,0.9366153846153846,0.03628571428571428,0.06338461538461539,0.9637142857142857,0.053899999999999997
500,1.030485478998754,0.9335384615384615,0.03485714285714286,0.06646153846153846,0.9651428571428572,0.055400000000000005
501,1.094272862405419,0.932,0.03428571428571429,0.068,0.9657142857142857,0.0562
502,1.1620087054117496,0.9306153846153846,0.031714285714285716,0.06938461538461538,0.9682857142857143,0.05619999999999999
503,1.2339374189400565,0.928,0.03,0.072,0.97,0.057300000000000004
504,1.310318543027546,0.9250769230769231,0.029142857142857144,0.07492307692307693,0.9708571428571429,0.0589
505,1.39142768332341,0.9218461538461539,0.027428571428571427,0.07815384615384616,0.9725714285714285,0.0604
506,1.4775575055553885,0.9198461538461539,0.026,0.08015384615384616,0.974,0.061200000000000004
507,1.5690187915541316,0.9167692307692308,0.024285714285714285,0.08323076923076923,0.9757142857142858,0.0626
508,1.6661415606458116,0.9124615384615384,0.023714285714285716,0.08753846153846154,0.9762857142857143,0.0652
509,1.7692762604592982,0.91,0.022,0.09,0.978,0.0662
510,1.8787950314446815,0.9073846153846153,0.02085714285714286,0.09261538461538461,0.9791428571428571,0.0675
511,1.9950930496659005,0.9053846153846153,0.019428571428571427,0.09461538461538462,0.9805714285714285,0.0683
512,2.1185899527126684,0.9027692307692308,0.018857142857142857,0.09723076923076923,0.9811428571428571,0.0698
513,2.2497313538768027,0.9003076923076923,0.018,0.09969230769230769,0.982,0.0711
514,2.388990450056564,0.8961538461538462,0.01742857142857143,0.10384615384615385,0.9825714285714285,0.0736
515,2.536869729190786,0.8935384615384615,0.01657142857142857,0.10646153846153845,0.9834285714285714,0.075
516,2.6939027833837312,0.8906153846153846,0.015428571428571429,0.10938461538461539,0.9845714285714285,0.0765
517,2.8606562342629624,0.8876923076923077,0.014,0.1123076923076923,0.986,0.0779
518,3.0377317775174815,0.8841538461538462,0.012857142857142857,0.11584615384615385,0.9871428571428571,0.07980000000000001
519,3.225768353993443,0.882,0.012,0.118,0.988,0.0809
520,3.4254444551813905,0.8783076923076923,0.010857142857142857,0.1216923076923077,0.9891428571428571,0.0829
521,3.6374805714138967,0.8750769230769231,0.009714285714285713,0.12492307692307693,0.9902857142857143,0.08460000000000001
522,3.862641791607426,0.8718461538461538,0.009428571428571429,0.12815384615384615,0.9905714285714285,0.0866
523,4.101740563929057,0.8681538461538462,0.008571428571428572,0.13184615384615384,0.9914285714285714,0.0887
524,4.355639627349366,0.8643076923076923,0.007714285714285714,0.1356923076923077,0.9922857142857143,0.0909
525,4.62525512465938,0.8612307692307692,0.006857142857142857,0.13876923076923076,0.9931428571428571,0.09259999999999999
526,4.911559908184278,0.8578461538461538,0.006857142857142857,0.14215384615384616,0.9931428571428571,0.09480000000000001
527,5.215587050121843,0.8547692307692307,0.006,0.14523076923076922,0.994,0.0965
528,5.538433570171992,0.8516923076923076,0.006,0.1483076923076923,0.994,0.0985
529,5.881264393907774,0.8483076923076923,0.005714285714285714,0.15169230769230768,0.9942857142857143,0.1006
530,6.245316556170814,0.8444615384615385,0.005142857142857143,0.15553846153846154,0.9948571428571429,0.1029
531,6.63190366465829,0.8398461538461538,0.005142857142857143,0.16015384615384615,0.9948571428571429,0.1059
532,7.042420639807374,0.8372307692307692,0.004571428571428572,0.16276923076923078,0.9954285714285714,0.10740000000000001
533,7.478348748080091,0.8335384615384616,0.004,0.16646153846153847,0.996,0.1096
534,7.94126094680998,0.8278461538461539,0.004,0.17215384615384616,0.996,0.1133
535,8.432827559896776,0.8232307692307692,0.004,0.17676923076923076,0.996,0.1163
536,8.954822304828138,0.8198461538461539,0.004,0.18015384615384616,0.996,0.11850000000000001
537,9.509128692776102,0.8166153846153846,0.0037142857142857142,0.1833846153846154,0.9962857142857143,0.12050000000000001
538,10.09774682486155,0.8118461538461539,0.0037142857142857142,0.18815384615384614,0.9962857142857143,0.12359999999999999
539,10.72280060910964,0.808,0.0034285714285714284,0.192,0.9965714285714286,0.126
540,11.386545424137086,0.8052307692307692,0.0034285714285714284,0.19476923076923078,0.9965714285714286,0.12780000000000002
541,12.091376257224173,0.8007692307692308,0.003142857142857143,0.19923076923076924,0.9968571428571429,0.1306
542,12.839836346136048,0.7964615384615384,0.0025714285714285713,0.20353846153846153,0.9974285714285714,0.1332
543,13.634626355875525,0.7921538461538462,0.002,0.20784615384615385,0.998,0.1358
544,14.478614123479868,0.7876923076923077,0.001142857142857143,0.2123076923076923,0.9988571428571429,0.13840000000000002
545,15.374845006023609,0.7833846153846153,0.001142857142857143,0.21661538461538463,0.9988571428571429,0.14120000000000002
546,16.326552869166104,0.7796923076923077,0.001142857142857143,0.22030769230769232,0.9988571428571429,0.14360000000000003
547,17.337171755893706,0.7743076923076923,0.001142857142857143,0.2256923076923077,0.9988571428571429,0.1471
548,18.41034827756086,0.7695384615384615,0.0008571428571428571,0.23046153846153847,0.9991428571428571,0.1501
549,19.54995477194061,0.7652307692307693,0.0008571428571428571,0.23476923076923076,0.9991428571428571,0.15289999999999998
550,20.760103275762702,0.7601538461538462,0.0005714285714285715,0.23984615384615385,0.9994285714285714,0.15610000000000002
551,22.045160362156285,0.7549230769230769,0.0005714285714285715,0.24507692307692308,0.9994285714285714,0.1595
552,23.409762896535106,0.7498461538461538,0.0005714285714285715,0.25015384615384617,0.9994285714285714,0.16280000000000003
553,24.858834767777076,0.7435384615384616,0.0005714285714285715,0.25646153846153846,0.9994285714285714,0.16690000000000002
554,26.39760465506924,0.7376923076923076,0.0005714285714285715,0.2623076923076923,0.9994285714285714,0.17070000000000002
555,28.0316248945262,0.732,0.00028571428571428574,0.268,0.9997142857142857,0.1743
556,29.766791513658266,0.7290769230769231,0.00028571428571428574,0.27092307692307693,0.9997142857142857,0.1762
557,31.609365505979678,0.7244615384615385,0.00028571428571428574,0.27553846153846157,0.9997142857142857,0.17920000000000003
558,33.56599542252193,0.7184615384615385,0.00028571428571428574,0.2815384615384615,0.9997142857142857,0.18309999999999998
559,35.64374136176903,0.7124615384615385,0.00028571428571428574,0.2875384615384615,0.9997142857142857,0.18699999999999997
560,37.85010044457752,0.7073846153846154,0.00028571428571428574,0.2926153846153846,0.9997142857142857,0.1903
561,40.19303386600224,0.7021538461538461,0.00028571428571428574,0.29784615384615387,0.9997142857142857,0.1937
562,42.68099562163883,0.6973846153846154,0.00028571428571428574,0.3026153846153846,0.9997142857142857,0.1968
563,45.32296301213609,0.6913846153846154,0.00028571428571428574,0.3086153846153846,0.9997142857142857,0.2007
564,48.128469035947525,0.6872307692307692,0.00028571428571428574,0.31276923076923074,0.9997142857142857,0.20339999999999997
565,51.10763678720459,0.6803076923076923,0.00028571428571428574,0.3196923076923077,0.9997142857142857,0.2079
566,54.27121598282946,0.676923076923077,0.00028571428571428574,0.3230769230769231,0.9997142857142857,0.2101
567,57.63062175068779,0.6710769230769231,0.00028571428571428574,0.32892307692307693,0.9997142857142857,0.2139
568,61.197975818740645,0.6653846153846154,0.00028571428571428574,0.3346153846153846,0.9997142857142857,0.2176
569,64.98615025381828,0.6607692307692308,0.00028571428571428574,0.3392307692307692,0.9997142857142857,0.2206
570,69.00881390783805,0.6549230769230769,0.00028571428571428574,0.34507692307692306,0.9997142857142857,0.2244
571,73.28048173905819,0.6498461538461539,0.00028571428571428574,0.35015384615384615,0.9997142857142857,0.22769999999999999
572,77.81656718633313,0.6449230769230769,0.00028571428571428574,0.35507692307692307,0.9997142857142857,0.2309
573,82.63343778535216,0.6401538461538462,0.00028571428571428574,0.35984615384615387,0.9997142857142857,0.234
574,87.748474227541,0.6349230769230769,0.00028571428571428574,0.3650769230769231,0.9997142857142857,0.2374
575,93.18013307472866,0.6293846153846154,0.0,0.3706153846153846,1.0,0.2409
576,98.9480133558723,0.6232307692307693,0.0,0.37676923076923075,1.0,0.2449
577,105.07292728614075,0.6178461538461538,0.0,0.3821538461538462,1.0,0.24840000000000004
578,111.57697536353221,0.6127692307692307,0.0,0.3872307692307692,1.0,0.2517
579,118.48362611399683,0.608,0.0,0.392,1.0,0.2548
580,125.8178007728079,0.602,0.0,0.398,1.0,0.25870000000000004
581,133.60596320773743,0.5963076923076923,0.0,0.4036923076923077,1.0,0.2624
582,141.87621540850523,0.5903076923076923,0.0,0.4096923076923077,1.0,0.2663
583,150.6583988870556,0.5852307692307692,0.0,0.4147692307692308,1.0,0.2696
584,159.98420235454384,0.5803076923076923,0.0,0.4196923076923077,1.0,0.2728
585,169.88727606356315,0.5752307692307692,0.0,0.4247692307692308,1.0,0.2761
586,180.403353228192,0.5693846153846154,0.0,0.4306153846153846,1.0,0.27990000000000004
587,191.57037895998167,0.5641538461538461,0.0,0.4358461538461538,1.0,0.2833
588,203.42864718512294,0.5578461538461539,0.0,0.4421538461538462,1.0,0.28740000000000004
589,216.0209460368298,0.5513846153846154,0.0,0.44861538461538464,1.0,0.2916
590,229.3927122475581,0.5446153846153846,0.0,0.4553846153846154,1.0,0.296
591,243.59219509815287,0.5395384615384615,0.0,0.4604615384615385,1.0,0.2993
592,258.67063051550025,0.534923076923077,0.0,0.46507692307692305,1.0,0.3023
593,274.6824259468805,0.5303076923076923,0.0,0.4696923076923077,1.0,0.3053
594,291.68535667810306,0.524,0.0,0.476,1.0,0.3094
595,309.7407743037972,0.5167692307692308,0.0,0.48323076923076924,1.0,0.3141
596,328.91382810208114,0.5113846153846154,0.0,0.4886153846153846,1.0,0.3176
597,349.27370011239475,0.5063076923076923,0.0,0.4936923076923077,1.0,0.3209
598,370.8938547647251,0.4996923076923077,0.0,0.5003076923076923,1.0,0.32520000000000004
599,393.8523039609627,0.49415384615384617,0.0,0.5058461538461538,1.0,0.3288
600,418.23188856487786,0.4887692307692308,0.0,0.5112307692307693,1.0,0.33230000000000004
601,444.1205773164189,0.48323076923076924,0.0,0.5167692307692308,1.0,0.33590000000000003
602,471.6117842489001,0.4767692307692308,0.0,0.5232307692307693,1.0,0.34010000000000007
603,500.8047057544173,0.4715384615384615,0.0,0.5284615384615384,1.0,0.34349999999999997
604,531.8046785137205,0.4664615384615385,0.0,0.5335384615384615,1.0,0.3468
605,564.723559582062,0.46076923076923076,0.0,0.5392307692307692,1.0,0.3505
606,599.6801300024795,0.4556923076923077,0.0,0.5443076923076923,1.0,0.3538
607,636.8005234028731,0.45,0.0,0.55,1.0,0.35750000000000004
608,676.2186811233789,0.4449230769230769,0.0,0.555076923076923,1.0,0.36079999999999995
609,718.076835516274,0.4401538461538462,0.0,0.5598461538461539,1.0,0.36390000000000006
610,762.5260231623005,0.43338461538461537,0.0,0.5666153846153846,1.0,0.3683
611,809.7266298552473,0.42830769230769233,0.0,0.5716923076923077,1.0,0.37160000000000004
612,859.8489693212513,0.4226153846153846,0.0,0.5773846153846154,1.0,0.3753
613,913.073897761011,0.4189230769230769,0.0,0.581076923076923,1.0,0.3777
614,969.5934664323614,0.4135384615384615,0.0,0.5864615384615385,1.0,0.38120000000000004
615,1029.6116146279198,0.4075384615384615,0.0,0.5924615384615385,1.0,0.38510000000000005
616,1093.3449055482724,0.402,0.0,0.598,1.0,0.3887
617,1161.0233077259472,0.39692307692307693,0.0,0.6030769230769231,1.0,0.392
618,1232.8910248197838,0.39276923076923076,0.0,0.6072307692307692,1.0,0.3947
619,1309.2073767738423,0.38584615384615384,0.0,0.6141538461538462,1.0,0.3992
620,1390.2477355203318,0.3803076923076923,0.0,0.6196923076923077,1.0,0.4028
621,1476.3045186028523,0.3756923076923077,0.0,0.6243076923076923,1.0,0.40580000000000005
622,1567.6882443052364,0.36938461538461537,0.0,0.6306153846153846,1.0,0.4099
623,1664.728652093205,0.3636923076923077,0.0,0.6363076923076924,1.0,0.4136
624,1767.775892411725,0.3587692307692308,0.0,0.6412307692307693,1.0,0.41680000000000006
625,1877.2017901312038,0.3553846153846154,0.0,0.6446153846153846,1.0,0.419
626,1993.401186201414,0.34984615384615386,0.0,0.6501538461538462,1.0,0.42260000000000003
627,2116.793362354227,0.34415384615384614,0.0,0.6558461538461539,1.0,0.4263
628,2247.8235539959046,0.3406153846153846,0.0,0.6593846153846153,1.0,0.4286
629,2386.9645567479115,0.334,0.0,0.666,1.0,0.43290000000000006
630,2534.7184324331242,0.3292307692307692,0.0,0.6707692307692308,1.0,0.436
631,2691.6183206631335,0.3233846153846154,0.0,0.6766153846153846,1.0,0.4398
632,2858.2303625633867,0.31876923076923075,0.0,0.6812307692307692,1.0,0.44279999999999997
633,3035.1557435775344,0.314,0.0,0.686,1.0,0.4459000000000001
634,3223.0328627220297,0.3096923076923077,0.0,0.6903076923076923,1.0,0.4487
635,3422.53963611828,0.30538461538461537,0.0,0.6946153846153846,1.0,0.4515
636,3634.3959431141866,0.3010769230769231,0.0,0.6989230769230769,1.0,0.4543
637,3859.366223821395,0.2966153846153846,0.0,0.7033846153846154,1.0,0.4572
638,4098.262237440938,0.29184615384615387,0.0,0.7081538461538461,1.0,0.4603
639,4351.945991330125,0.28723076923076923,0.0,0.7127692307692308,1.0,0.46330000000000005
640,4621.33285137962,0.28307692307692306,0.0,0.7169230769230769,1.0,0.46599999999999997
641,4907.394844923852,0.27892307692307694,0.0,0.7210769230769231,1.0,0.4687
642,5211.164168102668,0.27507692307692305,0.0,0.7249230769230769,1.0,0.4712
643,5533.7369103297715,0.2706153846153846,0.0,0.7293846153846154,1.0,0.4741
644,5876.2770093069885,0.26692307692307693,0.0,0.7330769230769231,1.0,0.47650000000000003
645,6240.0204508551715,0.26369230769230767,0.0,0.7363076923076923,1.0,0.4786
646,6626.279728716,0.2590769230769231,0.0,0.7409230769230769,1.0,0.48160000000000003
647,7036.448580416946,0.2556923076923077,0.0,0.7443076923076923,1.0,0.4838
648,7472.007016287813,0.25261538461538463,0.0,0.7473846153846154,1.0,0.48580000000000007
649,7934.526659775013,0.24923076923076923,0.0,0.7507692307692307,1.0,0.488
650,8425.676418323028,0.24523076923076922,0.0,0.7547692307692307,1.0,0.4906
651,8947.22850528525,0.24215384615384616,0.0,0.7578461538461538,1.0,0.49260000000000004
652,9501.06483459306,0.23753846153846153,0.0,0.7624615384615384,1.0,0.4956
653,10089.183811256973,0.23461538461538461,0.0,0.7653846153846153,1.0,0.4975
654,10713.70754220199,0.23046153846153847,0.0,0.7695384615384615,1.0,0.5002
655,11376.889493455998,0.22646153846153846,0.0,0.7735384615384615,1.0,0.5028
656,12081.12262132059,0.2230769230769231,0.0,0.7769230769230769,1.0,0.505
657,12828.94800686398,0.22015384615384614,0.0,0.7798461538461539,1.0,0.5069
658,13623.06402489182,0.2173846153846154,0.0,0.7826153846153846,1.0,0.5087
659,14466.336080480261,0.21261538461538462,0.0,0.7873846153846153,1.0,0.5118
660,15361.80694820355,0.20861538461538462,0.0,0.7913846153846154,1.0,0.5144
661,16312.707751363158,0.2063076923076923,0.0,0.7936923076923077,1.0,0.5159
662,17322.469620834716,0.2016923076923077,0.0,0.7983076923076923,1.0,0.5189
663,18394.736075601348,0.19876923076923078,0.0,0.8012307692307692,1.0,0.5208
664,19533.376169646002,0.1956923076923077,0.0,0.8043076923076923,1.0,0.5228
665,20742.498452640662,0.19138461538461538,0.0,0.8086153846153846,1.0,0.5256000000000001
666,22026.465794806718,0.18723076923076923,0.0,0.8127692307692308,1.0,0.5283
667,23389.911129438962,0.18323076923076922,0.0,0.8167692307692308,1.0,0.5309
668,24837.75416989693,0.17953846153846154,0.0,0.8204615384615385,1.0,0.5333
669,26375.219161383353,0.17753846153846153,0.0,0.8224615384615385,1.0,0.5346000000000001
670,28007.85373156346,0.17446153846153847,0.0,0.8255384615384616,1.0,0.5366000000000001
671,29741.54890804366,0.17215384615384616,0.0,0.8278461538461539,1.0,0.5381
672,31582.560374938625,0.16892307692307693,0.0,0.831076923076923,1.0,0.5402
673,33537.53104522673,0.1666153846153846,0.0,0.8333846153846154,1.0,0.5417000000000001
674,35613.515030341565,0.164,0.0,0.836,1.0,0.5434
675,37818.0030934889,0.1616923076923077,0.0,0.8383076923076923,1.0,0.5449
676,40158.949678532175,0.15738461538461537,0.0,0.8426153846153847,1.0,0.5477000000000001
677,42644.80161197469,0.15323076923076923,0.0,0.8467692307692307,1.0,0.5504
678,45284.52858160381,0.1503076923076923,0.0,0.8496923076923077,1.0,0.5523
679,48087.655501772984,0.14784615384615385,0.0,0.8521538461538462,1.0,0.5539000000000001
680,51064.29688210525,0.14584615384615385,0.0,0.8541538461538462,1.0,0.5552
681,54225.193323630505,0.14246153846153847,0.0,0.8575384615384616,1.0,0.5574
682,57581.75027404545,0.13907692307692307,0.0,0.8609230769230769,1.0,0.5596
683,61146.07918193665,0.1356923076923077,0.0,0.8643076923076923,1.0,0.5618000000000001
684,64931.04119846322,0.1336923076923077,0.0,0.8663076923076923,1.0,0.5631
685,68950.29358418785,0.13138461538461538,0.0,0.8686153846153846,1.0,0.5646
686,73218.3389885055,0.1290769230769231,0.0,0.8709230769230769,1.0,0.5661
687,77750.57777948471,0.1266153846153846,0.0,0.8733846153846154,1.0,0.5677000000000001
688,82563.36361294302,0.12415384615384616,0.0,0.8758461538461538,1.0,0.5693
689,87674.06244126591,0.12215384615384615,0.0,0.8778461538461538,1.0,0.5706
690,93101.11517489077,0.11892307692307692,0.0,0.8810769230769231,1.0,0.5727
691,98864.10422255691,0.11723076923076924,0.0,0.8827692307692308,1.0,0.5738
692,104983.82415041854,0.114,0.0,0.886,1.0,0.5759000000000001
693,111482.35671497953,0.11123076923076923,0.0,0.8887692307692308,1.0,0.5777
694,118383.15054059109,0.10830769230769231,0.0,0.8916923076923077,1.0,0.5796
695,125711.10572901228,0.10646153846153845,0.0,0.8935384615384615,1.0,0.5808
696,133492.66370632948,0.10415384615384615,0.0,0.8958461538461538,1.0,0.5823
697,141755.9026314293,0.102,0.0,0.898,1.0,0.5837
698,150530.6387102865,0.10061538461538462,0.0,0.8993846153846153,1.0,0.5846
699,159848.53378163936,0.09892307692307692,0.0,0.9010769230769231,1.0,0.5857
700,169743.20956225265,0.09723076923076923,0.0,0.9027692307692308,1.0,0.5868
701,180250.3689639994,0.09553846153846154,0.0,0.9044615384615384,1.0,0.5879
702,191407.92492050925,0.09307692307692307,0.0,0.9069230769230769,1.0,0.5895
703,203256.13718822759,0.09123076923076923,0.0,0.9087692307692308,1.0,0.5907
704,215837.75761550467,0.08984615384615384,0.0,0.9101538461538462,1.0,0.5916
705,229198.184403888,0.08707692307692308,0.0,0.912923076923077,1.0,0.5934
706,243385.6259182385,0.08538461538461538,0.0,0.9146153846153846,1.0,0.5945
707,258451.27463674563,0.08307692307692308,0.0,0.916923076923077,1.0,0.5960000000000001
708,274449.4918685047,0.08076923076923077,0.0,0.9192307692307692,1.0,0.5975
709,291438.00390517147,0.07984615384615384,0.0,0.9201538461538461,1.0,0.5981
710,309478.1103144678,0.07892307692307693,0.0,0.9210769230769231,1.0,0.5987
711,328634.9051271223,0.07723076923076923,0.0,0.9227692307692308,1.0,0.5998
712,348977.5117153535,0.07523076923076923,0.0,0.9247692307692308,1.0,0.6011000000000001
713,370579.3322104078,0.07384615384615385,0.0,0.9261538461538461,1.0,0.602
714,393518.31235912244,0.07230769230769231,0.0,0.9276923076923077,1.0,0.603
715,417877.2227751958,0.07107692307692308,0.0,0.928923076923077,1.0,0.6038
716,443743.95760000154,0.06984615384615385,0.0,0.9301538461538461,1.0,0.6046
717,471211.85165060405,0.06876923076923076,0.0,0.9312307692307692,1.0,0.6053
718,500380.0171993375,0.06753846153846153,0.0,0.9324615384615385,1.0,0.6061
719,531353.7016001502,0.06584615384615385,0.0,0.9341538461538461,1.0,0.6072
720,564244.6670521343,0.06338461538461539,0.0,0.9366153846153846,1.0,0.6088
721,599171.5938705412,0.06153846153846154,0.0,0.9384615384615385,1.0,0.61
722,636260.5087204019,0.06,0.0,0.94,1.0,0.611
723,675645.2393579474,0.05861538461538462,0.0,0.9413846153846154,1.0,0.6119
724,717467.8975206689,0.05753846153846154,0.0,0.9424615384615385,1.0,0.6126
725,761879.3917084292,0.056615384615384616,0.0,0.9433846153846154,1.0,0.6132
726,809039.9717058898,0.05492307692307692,0.0,0.945076923076923,1.0,0.6143
727,859119.8068110512,0.05415384615384616,0.0,0.9458461538461539,1.0,0.6148
728,912299.5998563278,0.05323076923076923,0.0,0.9467692307692308,1.0,0.6154000000000001
729,968771.2392377234,0.05246153846153846,0.0,0.9475384615384616,1.0,0.6159
730,1028738.4913048254,0.05138461538461538,0.0,0.9486153846153846,1.0,0.6166
731,1092417.7356099596,0.05061538461538462,0.0,0.9493846153846154,1.0,0.6171
732,1160038.7456695077,0.04953846153846154,0.0,0.9504615384615385,1.0,0.6178
733,1231845.518054601,0.048615384615384616,0.0,0.9513846153846154,1.0,0.6184000000000001
734,1308097.152802795,0.04692307692307692,0.0,0.953076923076923,1.0,0.6195
735,1389068.78832751,0.04553846153846154,0.0,0.9544615384615385,1.0,0.6204000000000001
736,1475052.5941986702,0.044153846153846155,0.0,0.9558461538461539,1.0,0.6213000000000001
737,1566358.8253767807,0.043076923076923075,0.0,0.9569230769230769,1.0,0.622
738,1663316.9417044371,0.04153846153846154,0.0,0.9584615384615385,1.0,0.623
739,1766276.7966947183,0.040769230769230766,0.0,0.9592307692307692,1.0,0.6235
740,1875609.899905965,0.040615384615384616,0.0,0.9593846153846154,1.0,0.6236
741,1991710.7574579644,0.04,0.0,0.96,1.0,0.624
742,2114998.2955265176,0.03969230769230769,0.0,0.9603076923076923,1.0,0.6242
743,2245917.371952781,0.03876923076923077,0.0,0.9612307692307692,1.0,0.6248
744,2384940.381421713,0.038307692307692306,0.0,0.9616923076923077,1.0,0.6251000000000001
745,2532568.960001585,0.037384615384615384,0.0,0.9626153846153847,1.0,0.6257
746,2689335.795195034,0.03646153846153846,0.0,0.9635384615384616,1.0,0.6263000000000001
747,2855806.5480328626,0.03523076923076923,0.0,0.9647692307692308,1.0,0.6271000000000001
748,3032581.8941460676,0.03446153846153846,0.0,0.9655384615384616,1.0,0.6276
749,3220299.6911808755,0.033692307692307695,0.0,0.9663076923076923,1.0,0.6281
750,3419637.2803774793,0.032615384615384616,0.0,0.9673846153846154,1.0,0.6288
751,3631313.930617232,0.03169230769230769,0.0,0.9683076923076923,1.0,0.6294000000000001
752,3856093.433757154,0.03076923076923077,0.0,0.9692307692307692,1.0,0.63
753,4094786.8606164833,0.030307692307692306,0.0,0.9696923076923077,1.0,0.6303000000000001
754,4348255.487559681,0.029076923076923077,0.0,0.9709230769230769,1.0,0.6311
755,4617413.904235865,0.028,0.0,0.972,1.0,0.6318
756,4903233.313688324,0.027230769230769232,0.0,0.9727692307692307,1.0,0.6323
757,5206745.036741869,0.02646153846153846,0.0,0.9735384615384616,1.0,0.6328
758,5529044.23331289,0.025538461538461538,0.0,0.9744615384615385,1.0,0.6334000000000001
759,5871293.854069715,0.02523076923076923,0.0,0.9747692307692307,1.0,0.6335999999999999
760,6234728.836702006,0.025076923076923077,0.0,0.9749230769230769,1.0,0.6337
761,6620660.561940593,0.02446153846153846,0.0,0.9755384615384616,1.0,0.6341
762,7030481.585406369,0.024153846153846154,0.0,0.9758461538461538,1.0,0.6343
763,7465670.662362158,0.023846153846153847,0.0,0.9761538461538461,1.0,0.6345000000000001
764,7927798.083498348,0.023230769230769232,0.0,0.9767692307692307,1.0,0.6349
765,8418531.341005359,0.022615384615384617,0.0,0.9773846153846154,1.0,0.6353000000000001
766,8939641.14537785,0.022,0.0,0.978,1.0,0.6357
767,9493007.81466102,0.021384615384615384,0.0,0.9786153846153847,1.0,0.6361
768,10080628.059193337,0.021076923076923076,0.0,0.9789230769230769,1.0,0.6363
769,10704622.186327007,0.020615384615384615,0.0,0.9793846153846154,1.0,0.6366
770,11367241.751122987,0.020307692307692308,0.0,0.9796923076923076,1.0,0.6368
771,12070877.68062647,0.019692307692307693,0.0,0.9803076923076923,1.0,0.6372
772,12818068.901037646,0.01953846153846154,0.0,0.9804615384615385,1.0,0.6373000000000001
773,13611511.498907115,0.018461538461538463,0.0,0.9815384615384616,1.0,0.638
774,14454068.449412253,0.01769230769230769,0.0,0.9823076923076923,1.0,0.6385000000000001
775,15348779.946817013,0.017384615384615384,0.0,0.9826153846153847,1.0,0.6387
776,16298874.374390533,0.016923076923076923,0.0,0.9830769230769231,1.0,0.639
777,17307779.953367226,0.016923076923076923,0.0,0.9830769230769231,1.0,0.639
778,18379137.11298127,0.01676923076923077,0.0,0.9832307692307692,1.0,0.6391
779,19516811.626210213,0.016615384615384615,0.0,0.9833846153846154,1.0,0.6392
780,20724908.558625337,0.015846153846153847,0.0,0.9841538461538462,1.0,0.6397
781,22007787.08068038,0.015846153846153847,0.0,0.9841538461538462,1.0,0.6397
782,23370076.19688568,0.01553846153846154,0.0,0.9844615384615385,1.0,0.6399
783,24816691.448623274,0.014923076923076923,0.0,0.9850769230769231,1.0,0.6403
784,26352852.65087166,0.014769230769230769,0.0,0.9852307692307692,1.0,0.6404000000000001
785,27984102.726839524,0.014461538461538461,0.0,0.9855384615384616,1.0,0.6406000000000001
786,29716327.70846934,0.014307692307692308,0.0,0.9856923076923076,1.0,0.6406999999999999
787,31555777.974978648,0.014153846153846154,0.0,0.9858461538461538,1.0,0.6408
788,33509090.806073852,0.013692307692307693,0.0,0.9863076923076923,1.0,0.6411
789,35583314.33121522,0.01353846153846154,0.0,0.9864615384615385,1.0,0.6412
790,37785932.9613491,0.01353846153846154,0.0,0.9864615384615385,1.0,0.6412
791,40124894.394872636,0.01323076923076923,0.0,0.9867692307692307,1.0,0.6414
792,42608638.29527628,0.01323076923076923,0.0,0.9867692307692307,1.0,0.6414
793,45246126.74394172,0.012769230769230769,0.0,0.9872307692307692,1.0,0.6417
794,48046876.577977814,0.012461538461538461,0.0,0.9875384615384616,1.0,0.6419
795,51020993.72977892,0.012307692307692308,0.0,0.9876923076923076,1.0,0.642
796,54179209.69221306,0.012153846153846154,0.0,0.9878461538461538,1.0,0.6421
797,57532920.24101689,0.012,0.0,0.988,1.0,0.6422
798,61094226.554119475,0.011692307692307693,0.0,0.9883076923076923,1.0,0.6424000000000001
799,64875978.87626547,0.011538461538461539,0.0,0.9884615384615385,1.0,0.6425000000000001
800,68891822.88649246,0.01123076923076923,0.0,0.9887692307692307,1.0,0.6427
801,73156248.93577021,0.011076923076923076,0.0,0.9889230769230769,1.0,0.6428
802,77684644.33246559,0.010923076923076923,0.0,0.9890769230769231,1.0,0.6429
803,82493348.86429468,0.010307692307692308,0.0,0.9896923076923076,1.0,0.6433
804,87599713.75710157,0.010153846153846154,0.0,0.9898461538461538,1.0,0.6434
805,93022164.2832046,0.009538461538461539,0.0,0.9904615384615385,1.0,0.6438
806,98780266.24521945,0.009384615384615385,0.0,0.9906153846153846,1.0,0.6439
807,104894796.57525223,0.009230769230769232,0.0,0.9907692307692307,1.0,0.644
808,111387818.3042055,0.008923076923076922,0.0,0.9910769230769231,1.0,0.6442
809,118282760.17170839,0.008923076923076922,0.0,0.9910769230769231,1.0,0.6442
810,125604501.16392715,0.008615384615384615,0.0,0.9913846153846154,1.0,0.6444000000000001
811,133379460.28429335,0.008461538461538461,0.0,0.9915384615384616,1.0,0.6445000000000001
812,141635691.88106924,0.007846153846153846,0.0,0.9921538461538462,1.0,0.6449
813,150402986.87571996,0.007538461538461538,0.0,0.9924615384615385,1.0,0.6451
814,159712980.2573547,0.007538461538461538,0.0,0.9924615384615385,1.0,0.6451
815,169599265.23110864,0.0073846153846153844,0.0,0.9926153846153846,1.0,0.6452
816,180097514.432346,0.007230769230769231,0.0,0.9927692307692307,1.0,0.6453
817,191245608.644062,0.007076923076923077,0.0,0.9929230769230769,1.0,0.6454
818,203083773.48193306,0.006923076923076923,0.0,0.9930769230769231,1.0,0.6455000000000001
819,215654724.54021576,0.006923076923076923,0.0,0.9930769230769231,1.0,0.6455000000000001
820,229003821.52222386,0.00676923076923077,0.0,0.9932307692307693,1.0,0.6456000000000001
821,243179231.91153145,0.006615384615384615,0.0,0.9933846153846154,1.0,0.6457
822,258232104.77447635,0.006461538461538461,0.0,0.9935384615384616,1.0,0.6458
823,274216755.3210946,0.006461538461538461,0.0,0.9935384615384616,1.0,0.6458
824,291190860.89043605,0.006461538461538461,0.0,0.9935384615384616,1.0,0.6458
825,309215669.0674346,0.006461538461538461,0.0,0.9935384615384616,1.0,0.6458
826,328356218.6822795,0.006461538461538461,0.0,0.9935384615384616,1.0,0.6458
827,348681574.48971885,0.0063076923076923076,0.0,0.9936923076923077,1.0,0.6459
828,370265076.37508816,0.0063076923076923076,0.0,0.9936923076923077,1.0,0.6459
829,393184603.98627186,0.006153846153846154,0.0,0.9938461538461538,1.0,0.646
830,417522857.746469,0.006,0.0,0.994,1.0,0.6461
831,443367657.2617397,0.005692307692307693,0.0,0.9943076923076923,1.0,0.6463
832,470812258.2000742,0.005538461538461538,0.0,0.9944615384615385,1.0,0.6464000000000001
833,499955688.78538007,0.005538461538461538,0.0,0.9944615384615385,1.0,0.6464000000000001
834,530903107.12055373,0.005384615384615384,0.0,0.9946153846153846,1.0,0.6465
835,563766180.6289669,0.005384615384615384,0.0,0.9946153846153846,1.0,0.6465
836,598663488.9835026,0.005076923076923077,0.0,0.9949230769230769,1.0,0.6467
837,635720951.9770287,0.004923076923076923,0.0,0.9950769230769231,1.0,0.6468
838,675072283.8781916,0.0047692307692307695,0.0,0.9952307692307693,1.0,0.6469
839,716859475.9119798,0.0047692307692307695,0.0,0.9952307692307693,1.0,0.6469
840,761233308.6059905,0.0047692307692307695,0.0,0.9952307692307693,1.0,0.6469
841,808353895.8510953,0.0047692307692307695,0.0,0.9952307692307693,1.0,0.6469
842,858391262.6396353,0.004461538461538461,0.0,0.9955384615384615,1.0,0.6471
843,911525958.5657986,0.0043076923076923075,0.0,0.9956923076923077,1.0,0.6472
844,967949709.3018676,0.0043076923076923075,0.0,0.9956923076923077,1.0,0.6472
845,1027866108.4010564,0.0043076923076923075,0.0,0.9956923076923077,1.0,0.6472
846,1091491351.9231672,0.004153846153846154,0.0,0.9958461538461538,1.0,0.6473
847,1159055018.5338116,0.004,0.0,0.996,1.0,0.6474
848,1230800897.892025,0.0038461538461538464,0.0,0.9961538461538462,1.0,0.6475000000000001
849,1306987870.3153412,0.0036923076923076922,0.0,0.9963076923076923,1.0,0.6476000000000001
850,1387890840.89642,0.0036923076923076922,0.0,0.9963076923076923,1.0,0.6476000000000001
851,1473801731.4417932,0.003384615384615385,0.0,0.9966153846153846,1.0,0.6478
852,1565030533.8119407,0.003076923076923077,0.0,0.9969230769230769,1.0,0.648
853,1661906428.4634562,0.003076923076923077,0.0,0.9969230769230769,1.0,0.648
854,1764778972.229345,0.002923076923076923,0.0,0.9970769230769231,1.0,0.6481
855,1874019359.6232457,0.002769230769230769,0.0,0.9972307692307693,1.0,0.6482
856,1990021762.2189112,0.002769230769230769,0.0,0.9972307692307693,1.0,0.6482
857,2113204750.9375887,0.002769230769230769,0.0,0.9972307692307693,1.0,0.6482
858,2244012806.3755097,0.0026153846153846153,0.0,0.9973846153846154,1.0,0.6483000000000001
859,2382917922.621125,0.0026153846153846153,0.0,0.9973846153846154,1.0,0.6483000000000001
860,2530421310.349145,0.0026153846153846153,0.0,0.9973846153846154,1.0,0.6483000000000001
861,2687055205.3366466,0.002307692307692308,0.0,0.9976923076923077,1.0,0.6485
862,2853384788.926917,0.0021538461538461538,0.0,0.9978461538461538,1.0,0.6486
863,3030010227.370622,0.002,0.0,0.998,1.0,0.6487
864,3217568837.402855,0.002,0.0,0.998,1.0,0.6487
865,3416737385.870097,0.002,0.0,0.998,1.0,0.6487
866,3628234531.7048373,0.0018461538461538461,0.0,0.9981538461538462,1.0,0.6488
867,3852823419.0592003,0.0016923076923076924,0.0,0.9983076923076923,1.0,0.6489
868,4091314430.9543843,0.0015384615384615385,0.0,0.9984615384615385,1.0,0.649
869,4344568113.381892,0.0015384615384615385,0.0,0.9984615384615385,1.0,0.649
870,4613498280.40756,0.0015384615384615385,0.0,0.9984615384615385,1.0,0.649
871,4899075311.482544,0.0015384615384615385,0.0,0.9984615384615385,1.0,0.649
872,5202329652.858897,0.0015384615384615385,0.0,0.9984615384615385,1.0,0.649
873,5524355535.743922,0.0015384615384615385,0.0,0.9984615384615385,1.0,0.649
874,5866314924.609465,0.0015384615384615385,0.0,0.9984615384615385,1.0,0.649
875,6229441709.9028225,0.0015384615384615385,0.0,0.9984615384615385,1.0,0.649
876,6615046160.287827,0.0015384615384615385,0.0,0.9984615384615385,1.0,0.649
877,7024519650.48106,0.0015384615384615385,0.0,0.9984615384615385,1.0,0.649
878,7459339681.742682,0.0015384615384615385,0.0,0.9984615384615385,1.0,0.649
879,7921075213.137245,0.0015384615384615385,0.0,0.9984615384615385,1.0,0.649
880,8411392322.801268,0.0013846153846153845,0.0,0.9986153846153846,1.0,0.6491
881,8932060219.645111,0.0013846153846153845,0.0,0.9986153846153846,1.0,0.6491
882,9484957627.181128,0.0013846153846153845,0.0,0.9986153846153846,1.0,0.6491
883,10072079562.512838,0.0012307692307692308,0.0,0.9987692307692307,1.0,0.6492
884,10695544534.945717,0.0012307692307692308,0.0,0.9987692307692307,1.0,0.6492
885,11357602190.194313,0.0012307692307692308,0.0,0.9987692307692307,1.0,0.6492
886,12060641427.768253,0.0012307692307692308,0.0,0.9987692307692307,1.0,0.6492
887,12807199020.827059,0.0012307692307692308,0.0,0.9987692307692307,1.0,0.6492
888,13599968769.606747,0.0012307692307692308,0.0,0.9987692307692307,1.0,0.6492
889,14441811221.446499,0.0010769230769230769,0.0,0.9989230769230769,1.0,0.6493
890,15335763992.488115,0.0010769230769230769,0.0,0.9989230769230769,1.0,0.6493
891,16285052728.291977,0.0010769230769230769,0.0,0.9989230769230769,1.0,0.6493
892,17293102742.918694,0.0009230769230769231,0.0,0.9990769230769231,1.0,0.6494
893,18363551378.47364,0.0009230769230769231,0.0,0.9990769230769231,1.0,0.6494
894,19500261129.711296,0.0009230769230769231,0.0,0.9990769230769231,1.0,0.6494
895,20707333581.056805,0.0009230769230769231,0.0,0.9990769230769231,1.0,0.6494
896,21989124206.333702,0.0009230769230769231,0.0,0.9990769230769231,1.0,0.6494
897,23350258084.59952,0.0009230769230769231,0.0,0.9990769230769231,1.0,0.6494
898,24795646588.796703,0.0009230769230769231,0.0,0.9990769230769231,1.0,0.6494
899,26330505107.43639,0.0009230769230769231,0.0,0.9990769230769231,1.0,0.6494
900,27960371863.26015,0.0007692307692307692,0.0,0.9992307692307693,1.0,0.6495000000000001
901,29691127896.782925,0.0006153846153846154,0.0,0.9993846153846154,1.0,0.6496000000000001
902,31529018286.82374,0.0006153846153846154,0.0,0.9993846153846154,1.0,0.6496000000000001
903,33480674684.5941,0.0006153846153846154,0.0,0.9993846153846154,1.0,0.6496000000000001
904,35553139242.65373,0.0006153846153846154,0.0,0.9993846153846154,1.0,0.6496000000000001
905,37753890025.07639,0.0006153846153846154,0.0,0.9993846153846154,1.0,0.6496000000000001
906,40090867990.51312,0.0006153846153846154,0.0,0.9993846153846154,1.0,0.6496000000000001
907,42572505645.51587,0.0006153846153846154,0.0,0.9993846153846154,1.0,0.6496000000000001
908,45207757471.510994,0.0006153846153846154,0.0,0.9993846153846154,1.0,0.6496000000000001
909,48006132235.212326,0.0006153846153846154,0.0,0.9993846153846154,1.0,0.6496000000000001
910,50977727299.05916,0.0006153846153846154,0.0,0.9993846153846154,1.0,0.6496000000000001
911,54133265055.48147,0.0006153846153846154,0.0,0.9993846153846154,1.0,0.6496000000000001
912,57484131616.4578,0.0006153846153846154,0.0,0.9993846153846154,1.0,0.6496000000000001
913,61042417897.969406,0.0006153846153846154,0.0,0.9993846153846154,1.0,0.6496000000000001
914,64820963247.595184,0.0006153846153846154,0.0,0.9993846153846154,1.0,0.6496000000000001
915,68833401772.66895,0.0006153846153846154,0.0,0.9993846153846154,1.0,0.6496000000000001
916,73094211536.16446,0.0006153846153846154,0.0,0.9993846153846154,1.0,0.6496000000000001
917,77618766797.82169,0.0006153846153846154,0.0,0.9993846153846154,1.0,0.6496000000000001
918,82423393489.0156,0.0006153846153846154,0.0,0.9993846153846154,1.0,0.6496000000000001
919,87525428121.53719,0.0006153846153846154,0.0,0.9993846153846154,1.0,0.6496000000000001
920,92943280342.84708,0.0006153846153846154,0.0,0.9993846153846154,1.0,0.6496000000000001
921,98696499363.51945,0.0006153846153846154,0.0,0.9993846153846154,1.0,0.6496000000000001
922,104805844496.56628,0.0006153846153846154,0.0,0.9993846153846154,1.0,0.6496000000000001
923,111293360063.16832,0.0006153846153846154,0.0,0.9993846153846154,1.0,0.6496000000000001
924,118182454935.0951,0.0006153846153846154,0.0,0.9993846153846154,1.0,0.6496000000000001
925,125497987000.82634,0.0006153846153846154,0.0,0.9993846153846154,1.0,0.6496000000000001
926,133266352860.15353,0.0006153846153846154,0.0,0.9993846153846154,1.0,0.6496000000000001
927,141515583070.90625,0.0006153846153846154,0.0,0.9993846153846154,1.0,0.6496000000000001
928,150275443291.4815,0.0006153846153846154,0.0,0.9993846153846154,1.0,0.6496000000000001
929,159577541684.1284,0.0006153846153846154,0.0,0.9993846153846154,1.0,0.6496000000000001
930,169455442966.5305,0.0006153846153846154,0.0,0.9993846153846154,1.0,0.6496000000000001
931,179944789523.21823,0.0006153846153846154,0.0,0.9993846153846154,1.0,0.6496000000000001
932,191083430013.81656,0.0006153846153846154,0.0,0.9993846153846154,1.0,0.6496000000000001
933,202911555942.1846,0.0006153846153846154,0.0,0.9993846153846154,1.0,0.6496000000000001
934,215471846679.22925,0.0006153846153846154,0.0,0.9993846153846154,1.0,0.6496000000000001
935,228809623462.67746,0.0006153846153846154,0.0,0.9993846153846154,1.0,0.6496000000000001
936,242973012929.48438,0.0006153846153846154,0.0,0.9993846153846154,1.0,0.6496000000000001
937,258013120770.94995,0.0006153846153846154,0.0,0.9993846153846154,1.0,0.6496000000000001
938,273984216137.14346,0.0006153846153846154,0.0,0.9993846153846154,1.0,0.6496000000000001
939,290943927456.02136,0.0006153846153846154,0.0,0.9993846153846154,1.0,0.6496000000000001
940,308953450373.81165,0.0006153846153846154,0.0,0.9993846153846154,1.0,0.6496000000000001
941,328077768566.9748,0.0006153846153846154,0.0,0.9993846153846154,1.0,0.6496000000000001
942,348385888222.4969,0.0006153846153846154,0.0,0.9993846153846154,1.0,0.6496000000000001
943,369951087032.58777,0.0006153846153846154,0.0,0.9993846153846154,1.0,0.6496000000000001
944,392851178602.23193,0.0006153846153846154,0.0,0.9993846153846154,1.0,0.6496000000000001
945,417168793223.6516,0.0006153846153846154,0.0,0.9993846153846154,1.0,0.6496000000000001
946,442991676030.7998,0.0006153846153846154,0.0,0.9993846153846154,1.0,0.6496000000000001
947,470413003609.7126,0.0006153846153846154,0.0,0.9993846153846154,1.0,0.6496000000000001
948,499531720207.1445,0.0006153846153846154,0.0,0.9993846153846154,1.0,0.6496000000000001
949,530452894750.6263,0.0006153846153846154,0.0,0.9993846153846154,1.0,0.6496000000000001
950,563288099968.1802,0.0006153846153846154,0.0,0.9993846153846154,1.0,0.6496000000000001
951,598155814975.667,0.0006153846153846154,0.0,0.9993846153846154,1.0,0.6496000000000001
952,635181852784.4202,0.0006153846153846154,0.0,0.9993846153846154,1.0,0.6496000000000001
953,674499814271.7402,0.00046153846153846153,0.0,0.9995384615384615,1.0,0.6496999999999999
954,716251570252.3092,0.00046153846153846153,0.0,0.9995384615384615,1.0,0.6496999999999999
955,760587773389.981,0.00046153846153846153,0.0,0.9995384615384615,1.0,0.6496999999999999
956,807668401797.0765,0.00046153846153846153,0.0,0.9995384615384615,1.0,0.6496999999999999
957,857663336282.6509,0.00046153846153846153,0.0,0.9995384615384615,1.0,0.6496999999999999
958,910752973332.6135,0.00046153846153846153,0.0,0.9995384615384615,1.0,0.6496999999999999
959,967128876033.5168,0.00046153846153846153,0.0,0.9995384615384615,1.0,0.6496999999999999
960,1026994465288.7356,0.00046153846153846153,0.0,0.9995384615384615,1.0,0.6496999999999999
961,1090565753821.1522,0.00046153846153846153,0.0,0.9995384615384615,1.0,0.6496999999999999
962,1158072125610.8438,0.00046153846153846153,0.0,0.9995384615384615,1.0,0.6496999999999999
963,1229757163580.2139,0.00046153846153846153,0.0,0.9995384615384615,1.0,0.6496999999999999
964,1305879528513.1008,0.0003076923076923077,0.0,0.9996923076923077,1.0,0.6498
965,1386713892379.2612,0.0003076923076923077,0.0,0.9996923076923077,1.0,0.6498
966,1472551929431.942,0.0003076923076923077,0.0,0.9996923076923077,1.0,0.6498
967,1563703368654.7095,0.0003076923076923077,0.0,0.9996923076923077,1.0,0.6498
968,1660497111355.078,0.00015384615384615385,0.0,0.9998461538461538,1.0,0.6499
969,1763282417937.5435,0.00015384615384615385,0.0,0.9998461538461538,1.0,0.6499
970,1872430168138.2517,0.00015384615384615385,0.0,0.9998461538461538,1.0,0.6499
971,1988334199268.5972,0.00015384615384615385,0.0,0.9998461538461538,1.0,0.6499
972,2111412727296.534,0.00015384615384615385,0.0,0.9998461538461538,1.0,0.6499
973,2242109855893.2764,0.00015384615384615385,0.0,0.9998461538461538,1.0,0.6499
974,2380897178890.4785,0.00015384615384615385,0.0,0.9998461538461538,1.0,0.6499
975,2528275481930.028,0.00015384615384615385,0.0,0.9998461538461538,1.0,0.6499
976,2684776549446.5127,0.00015384615384615385,0.0,0.9998461538461538,1.0,0.6499
977,2850965083502.483,0.00015384615384615385,0.0,0.9998461538461538,1.0,0.6499
978,3027440741400.237,0.00015384615384615385,0.0,0.9998461538461538,1.0,0.6499
979,3214840299422.43,0.00015384615384615385,0.0,0.9998461538461538,1.0,0.6499
980,3413839950508.929,0.00015384615384615385,0.0,0.9998461538461538,1.0,0.6499
981,3625157744160.601,0.00015384615384615385,0.0,0.9998461538461538,1.0,0.6499
982,3849556177373.935,0.00015384615384615385,0.0,0.9998461538461538,1.0,0.6499
983,4087844945955.3535,0.00015384615384615385,0.0,0.9998461538461538,1.0,0.6499
984,4340883866142.764,0.00015384615384615385,0.0,0.9998461538461538,1.0,0.6499
985,4609585977076.429,0.00015384615384615385,0.0,0.9998461538461538,1.0,0.6499
986,4894920835313.782,0.00015384615384615385,0.0,0.9998461538461538,1.0,0.6499
987,5197918013275.772,0.00015384615384615385,0.0,0.9998461538461538,1.0,0.6499
988,5519670814248.169,0.00015384615384615385,0.0,0.9998461538461538,1.0,0.6499
989,5861340217342.642,0.00015384615384615385,0.0,0.9998461538461538,1.0,0.6499
990,6224159066652.203,0.00015384615384615385,0.0,0.9998461538461538,1.0,0.6499
991,6609436519716.725,0.00015384615384615385,0.0,0.9998461538461538,1.0,0.6499
992,7018562771349.905,0.00015384615384615385,0.0,0.9998461538461538,1.0,0.6499
993,7453014069872.649,0.00015384615384615385,0.0,0.9998461538461538,1.0,0.6499
994,7914358043852.907,0.00015384615384615385,0.0,0.9998461538461538,1.0,0.6499
995,8404259358572.431,0.00015384615384615385,0.0,0.9998461538461538,1.0,0.6499
996,8924485722630.646,0.00015384615384615385,0.0,0.9998461538461538,1.0,0.6499
997,9476914266359.244,0.00015384615384615385,0.0,0.9998461538461538,1.0,0.6499
998,10063538315062.68,0.00015384615384615385,0.0,0.9998461538461538,1.0,0.6499
999,10686474581524.463,0.00015384615384615385,0.0,0.9998461538461538,1.0,0.6499
